,povodne_name,population
0,Abrahám,NaN
1,Adidovce,221
2,Abrahámovce,NaN
3,Ábelová,196
4,Alekšince,1669
5,Andovce,1579
6,Abranovce,696
7,Abovce,626
8,Ardovo,163
9,Arnutovce,809
11,Ardanovce,207
12,Andrejová,366
13,Adamovské Kochanovce,888
14,Abramová,177
15,Babie,236
16,Babiná,NaN
17,Babindol,808
18,Babinec,60
19,Babín,1442
20,Bacúch,911
21,Bacúrov,165
22,Bačka,638
23,Bačkov,NaN
24,Bačkovík,585
25,Badín,2028
26,Baďan,172
27,Bajany,466
28,Bajč,1222
29,Bajerov,439
30,Bajerovce,290
31,Bajka,330
32,Bajtava,401
33,Baka,1095
34,Baláže,218
35,Baldovce,169
36,Balog nad Ipľom,788
37,Baloň,727
38,Banka,NaN
39,Banská Belá,1172
40,Banská Bystrica,78084
41,Banská Štiavnica,10004
42,Banské,1909
43,Banský Studenec,467
44,Baňa,NaN
45,Bara,279
46,Barca,NaN
47,Bardejov,32293
48,Bardoňovo,687
49,Bartošova Lehôtka,352
50,Bartošovce,729
51,Baška,NaN
52,Baškovce,NaN
54,Bašovce,342
55,Batizovce,2481
56,Báb,NaN
57,Báč,551
58,Bádice,376
59,Báhoň,1856
60,Bánov,NaN
61,Bánovce nad Bebravou,17750
62,Bánovce nad Ondavou,724
63,Bátka,874
64,Bátorová,372
65,Bátorove Kosihy,3335
66,Bátovce,1174
67,Beckov,NaN
68,Beharovce,159
69,Becherov,287
70,Belá,NaN
72,Belá-Dulice,1251
73,Belá nad Cirochou,3399
74,Beladice,1689
75,Belejovce,15
76,Belín,190
77,Belina,NaN
78,Belince,349
79,Bellova Ves,326
80,Beloveža,784
81,Beluj,135
82,Beluša,5947
83,Belža,423
84,Beniakovce,760
85,Benice,NaN
86,Benkovce,551
87,Beňadiková,536
88,Beňadikovce,201
89,Beňadovo,895
90,Beňatina,185
91,Beňuš,1170
92,Bernolákovo,8194
93,Bertotovce,507
94,Beša,NaN
96,Bešeňov,1619
97,Bešeňová,773
98,Betlanovce,736
99,Betliar,942
100,Bežovce,977
101,Bidovce,1609
102,Biel,NaN
103,Bielovce,227
104,Biely Kostol,2254
105,Bijacovce,958
106,Biskupice,NaN
107,Biskupová,235
108,Bitarová,768
109,Bílkove Humence,205
110,Bíňa,1436
111,Bíňovce,677
112,Blahová,NaN
113,Blatná na Ostrove,935
114,Blatná Polianka,163
115,Blatné,1801
116,Blatné Remety,695
117,Blatné Revištia,187
118,Blatnica,977
119,Blažice,639
120,Blažovce,165
121,Blesovce,339
122,Blhovce,792
123,Bobot,772
124,Bobrov,1888
125,Bobrovček,176
126,Bobrovec,NaN
127,Bobrovník,135
128,Bočiar,258
129,Bodíky,273
130,Bodiná,494
131,Bodorová,234
132,Bodovce,355
133,Bodružal,63
134,Bodza,378
135,Bodzianske Lúky,188
136,Bogliarka,106
137,Bohdanovce,1132
138,Bohdanovce nad Trnavou,1487
139,Boheľov,353
140,Bohunice,NaN
142,Bohúňovo,286
143,Bojná,2030
144,Bojnice,4992
145,Bojničky,1419
146,Boldog,474
147,Boleráz,2385
148,Bolešov,1556
149,Boliarov,945
150,Boľ,760
151,Boľkovce,622
152,Borcová,143
153,Borčany,259
154,Borčice,655
155,Borinka,821
156,Borová,NaN
157,Borovce,1062
158,Borský Mikuláš,3999
159,Borský Svätý Jur,1634
160,Borša,1125
161,Bory,NaN
162,Bošáca,1404
163,Bošany,4123
164,Bottovo,195
165,Boťany,NaN
166,Bôrka,595
167,Bracovce,935
168,Branč,NaN
169,Branovo,575
170,Bratislava I,41893
171,Bratislava II,116223
172,Bratislava III,69479
173,Bratislava IV,97792
174,Bratislava V,112339
175,Braväcovo,688
176,Brdárka,63
177,Brehov,599
178,Brehy,1040
179,Brekov,1310
180,Brestov,NaN
182,Brestov nad Laborcom,102
183,Brestovany,2655
184,Brestovec,NaN
186,Bretejovce,427
187,Bretka,395
188,Breza,NaN
189,Brezany,651
190,Brezina,NaN
191,Breziny,378
192,Breznica,NaN
193,Breznička,NaN
195,Brezno,20889
196,Brezolupy,522
197,Brezov,368
198,Brezová pod Bradlom,4768
199,Brezovec,NaN
200,Brezovica,NaN
202,Brezovička,411
203,Brezovka,113
204,Brežany,190
205,Brhlovce,309
206,Brieštie,134
207,Brodské,2277
208,Brodzany,869
209,Brunovce,572
210,Brusnica,NaN
211,Brusník,NaN
212,Brusno,NaN
213,Brutovce,157
214,Bruty,592
215,Brvnište,1218
216,Brzotín,NaN
217,Buclovany,199
218,Bučany,2362
219,Budča,1341
220,Budikovany,59
221,Budimír,1249
222,Budiná,224
223,Budince,228
224,Budiš,196
225,Budkovce,NaN
226,Budmerice,2406
227,Buglovce,284
228,Buková,NaN
229,Bukovce,NaN
230,Bukovec,NaN
232,Bukovina,NaN
233,Bulhary,NaN
234,Bunetice,92
235,Bunkovce,367
236,Bušince,1416
237,Bušovce,301
238,Buzica,1217
239,Buzitka,503
240,Búč,1104
241,Bystrá,NaN
243,Bystrany,3666
244,Bystré,NaN
245,Bystričany,1805
246,Bystrička,NaN
247,Byšta,NaN
248,Bytča,11363
249,Bzenica,604
250,Bzenov,772
251,Bzince pod Javorinou,2110
252,Bziny,582
253,Bzovík,NaN
254,Bzovská Lehôtka,130
255,Bžany,NaN
256,Cabaj-Čápor,4300
257,Cabov,386
258,Cakov,335
259,Cejkov,NaN
260,Cernina,581
261,Cerová,NaN
262,Cerovo,NaN
263,Cestice,844
264,Cigeľ,1258
265,Cigeľka,NaN
266,Cigla,68
267,Cimenná,100
268,Cinobaňa,2217
269,Cífer,4370
270,Čab,798
271,Čabalovce,342
272,Čabiny,326
273,Čabradský Vrbovok,232
274,Čadca,23941
275,Čachtice,3905
276,Čajkov,948
277,Čaka,NaN
278,Čakajovce,1161
279,Čakanovce,NaN
281,Čakany,646
282,Čaklov,2704
283,Čalovec,1161
284,Čamovce,603
285,Čaňa,6056
286,Čaradice,490
287,Častá,2305
288,Častkov,571
289,Častkovce,1597
290,Čata,NaN
291,Čataj,1182
292,Čavoj,491
293,Čáry,1301
294,Čebovce,1083
295,Čečehov,385
296,Čečejovce,2157
297,Čechy,NaN
298,Čechynce,1259
299,Čekovce,451
300,Čeláre,443
301,Čelkova Lehota,146
302,Čelovce,NaN
304,Čeľadice,1034
305,Čeľadince,448
306,Čeľovce,554
307,Čenkovce,1098
308,Čerenčany,571
309,Čereňany,1730
310,Čerhov,725
311,Čerín,438
312,Čermany,362
313,Černík,1045
314,Černina,170
315,Černochov,193
316,Čertižné,334
317,Červená Voda,NaN
318,Červenica,NaN
319,Červenica pri Sabinove,927
320,Červeník,1709
321,Červený Hrádok,400
322,Červený Kameň,NaN
323,Červený Kláštor,223
324,Červeňany,44
325,České Brezovo,464
326,Čičarovce,883
327,Čičava,NaN
328,Čičmany,123
329,Čierna,NaN
330,Čierna Lehota,NaN
332,Čierna nad Tisou,3619
333,Čierna Voda,NaN
334,Čierne,4453
335,Čierne Kľačany,1174
336,Čierne nad Topľou,727
337,Čierne Pole,355
338,Čierny Balog,5090
339,Čierny Brod,1645
340,Čierny Potok,130
341,Čifáre,591
342,Čiližská Radvaň,1169
343,Čimhová,679
344,Čirč,1321
345,Čižatice,411
346,Číčov,1244
347,Číž,NaN
348,Čoltovo,479
349,Čremošné,82
350,Čučma,609
351,Čukalovce,160
352,Dačov Lom,414
353,Daletice,97
354,Danišovce,567
355,Dargov,NaN
356,Davidov,800
357,Debraď,402
358,Dedačov,159
359,Dedina Mládeže,448
360,Dedinka,670
361,Dedinky,239
362,Dechtice,1837
363,Dekýš,192
364,Demandice,973
365,Demänovská Dolina,314
366,Demjata,1092
367,Detrík,57
368,Detva,14545
369,Detvianska Huta,677
370,Devičany,380
371,Devičie,299
372,Dežerice,1018
373,Diaková,NaN
374,Diakovce,2291
375,Diviacka Nová Ves,NaN
376,Diviaky nad Nitricou,1743
377,Divín,NaN
378,Divina,NaN
379,Divinka,1030
380,Dlhá,NaN
381,Dlhá nad Kysucou,612
382,Dlhá nad Oravou,1438
383,Dlhá nad Váhom,901
384,Dlhá Ves,534
385,Dlhé Klčovo,1393
386,Dlhé nad Cirochou,1921
387,Dlhé Pole,1898
388,Dlhé Stráže,596
389,Dlhoňa,92
390,Dlžín,146
391,Dobrá,NaN
392,Dobrá Niva,NaN
393,Dobrá Voda,NaN
394,Dobroč,607
395,Dobrohošť,NaN
396,Dobroslava,NaN
397,Dobšiná,5685
398,Dohňany,1868
399,Dojč,1270
400,Dolinka,NaN
401,Dolná Breznica,998
402,Dolná Krupá,2383
403,Dolná Lehota,NaN
404,Dolná Mariková,1428
405,Dolná Mičiná,NaN
406,Dolná Poruba,799
407,Dolná Seč,517
408,Dolná Streda,1623
409,Dolná Strehová,1038
410,Dolná Súča,3080
411,Dolná Tižina,1432
412,Dolná Trnávka,339
413,Dolná Ves,226
414,Dolná Ždaňa,877
415,Dolné Dubové,737
416,Dolné Kočkovce,1218
417,Dolné Lefantovce,703
418,Dolné Lovčice,752
419,Dolné Mladonice,128
420,Dolné Naštice,574
421,Dolné Obdokovce,1184
422,Dolné Orešany,1345
423,Dolné Otrokovce,390
424,Dolné Plachtince,625
425,Dolné Saliby,2012
426,Dolné Semerovce,557
427,Dolné Srnie,987
428,Dolné Strháre,191
429,Dolné Trhovište,651
430,Dolné Vestenice,2560
431,Dolné Zahorany,182
432,Dolné Zelenice,590
433,Dolný Badín,248
434,Dolný Bar,783
435,Dolný Harmanec,263
436,Dolný Hričov,1618
437,Dolný Chotár,378
438,Dolný Kalník,293
439,Dolný Kubín,18665
440,Dolný Lieskov,836
441,Dolný Lopašov,964
442,Dolný Ohaj,1547
443,Dolný Pial,917
444,Dolný Štál,1896
445,Dolný Vadičov,482
446,Doľany,NaN
448,Domadice,235
449,Domaníky,190
450,Domaniža,1631
451,Domaňovce,926
452,Donovaly,255
453,Drábsko,194
454,Drahňov,1558
455,Drahovce,2575
456,Dravce,NaN
457,Dražice,NaN
458,Dražkovce,1060
459,Drážovce,134
460,Drienčany,242
461,Drienica,753
462,Drienov,2242
463,Drienovec,2363
464,Drienovo,109
465,Drienovská Nová Ves,834
466,Drietoma,2271
467,Drnava,713
468,Drňa,213
469,Družstevná pri Hornáde,2813
470,Drženice,378
471,Držkovce,577
472,Dubinné,352
473,Dubnica nad Váhom,23550
474,Dubnička,NaN
475,Dubník,NaN
476,Dubno,NaN
477,Dubodiel,954
478,Dubová,NaN
480,Dubovany,1045
481,Dubovce,622
482,Dubové,NaN
484,Dubovec,533
485,Dubovica,1457
486,Ducové,459
487,Dudince,1395
488,Dukovce,278
489,Dulov,925
490,Dulova Ves,1380
491,Dulovce,1685
492,Dulovo,NaN
493,Dunajská Lužná,7117
494,Dunajov,1158
495,Dunajská Streda,22684
496,Dunajský Klátov,716
497,Duplín,545
498,Dúbrava,NaN
501,Dúbravica,420
502,Dúbravka,NaN
503,Dúbravy,949
504,Dvorany nad Nitrou,785
505,Dvorec,NaN
506,Dvorianky,664
507,Dvorníky,2063
508,Dvorníky-Včeláre,536
509,Dvory nad Žitavou,5044
510,Ďačov,731
511,Ďanová,562
512,Ďapalovce,444
513,Ďubákovo,82
514,Ďurčiná,1098
515,Ďurďoš,259
516,Ďurďošík,652
517,Ďurďové,144
518,Ďurkov,1905
519,Ďurková,NaN
520,Ďurkovce,130
521,Egreš,NaN
522,Fačkov,641
523,Falkušovce,657
524,Farná,1345
525,Fekišovce,309
526,Figa,NaN
527,Fijaš,150
528,Fiľakovo,10568
529,Fiľakovské Kováče,924
530,Fintice,2115
531,Folkušová,144
532,Forbasy,456
533,Frička,342
534,Fričkovce,735
535,Fričovce,1152
536,Fulianka,385
537,Gabčíkovo,NaN
538,Gaboltov,479
539,Gajary,3046
540,Galanta,14990
541,Galovany,310
542,Gánovce,1397
543,Gáň,856
544,Gbelce,2156
545,Gbely,5073
546,Gbeľany,1425
547,Geča,1829
548,Gelnica,6047
549,Gemer,NaN
550,Gemerček,94
551,Gemerská Hôrka,1305
552,Gemerská Panica,619
553,Gemerská Poloma,2003
554,Gemerská Ves,1005
555,Gemerské Dechtáre,439
556,Gemerské Michalovce,92
557,Gemerské Teplice,362
558,Gemerský Jablonec,704
559,Gemerský Sad,300
560,Geraltov,121
561,Gerlachov,NaN
563,Giglovce,140
564,Giraltovce,4089
565,Girovce,56
566,Glabušovce,121
567,Gočaltovo,232
568,Gočovo,331
569,Golianovo,1850
570,Gortva,NaN
571,Gôtovany,474
572,Granč-Petrovce,622
573,Gregorova Vieska,141
574,Gregorovce,867
575,Gribov,192
576,Gruzovce,132
577,Gyňov,688
578,Habovka,1382
579,Habura,490
580,Hačava,215
581,Háj,NaN
583,Hajná Nová Ves,332
584,Hajnáčka,NaN
585,Hájske,1319
586,Hajtovka,66
587,Haláčovce,362
588,Halič,NaN
589,Haligovce,625
590,Haluzice,NaN
591,Hamuliakovo,2335
592,Handlová,16890
593,Hanigovce,129
594,Haniska,NaN
596,Hanková,87
597,Hankovce,NaN
599,Hanušovce nad Topľou,3782
600,Harakovce,58
601,Harhaj,268
602,Harichovce,1858
603,Harmanec,NaN
604,Hatalov,746
605,Hatné,631
606,Havaj,NaN
607,Havka,35
608,Havranec,13
609,Hažín,478
610,Hažín nad Cirochou,675
611,Hažlín,1097
612,Helcmanovce,1424
613,Heľpa,2550
614,Henckovce,420
615,Henclová,95
616,Hencovce,1340
617,Hendrichovce,255
618,Herľany,291
619,Hermanovce,1974
620,Hermanovce nad Topľou,694
621,Hertník,1043
622,Hervartov,517
623,Hiadeľ,525
624,Hincovce,238
625,Hladovka,NaN
626,Hlboké,940
627,Hlboké nad Váhom,936
628,Hliník nad Hronom,2812
629,Hlinné,1869
630,Hlivištia,375
631,Hlohovec,21301
632,Hniezdne,1445
633,Hnilčík,559
634,Hnilec,NaN
635,Hnojné,220
636,Hnúšťa,7411
637,Hodejov,1604
638,Hodejovec,178
639,Hodkovce,325
640,Hodruša-Hámre,2165
641,Hokovce,488
642,Holčíkovce,415
643,Holiare,483
644,Holice,NaN
645,Holíč,11156
646,Holiša,660
647,Holumnica,887
648,Honce,351
649,Hontianska Vrbica,603
650,Hontianske Moravce,844
651,Hontianske Nemce,1443
652,Hontianske Tesáre,911
653,Hontianske Trsťany,317
654,Horná Breznica,504
655,Horná Kráľová,1891
656,Horná Krupá,513
657,Horná Lehota,NaN
659,Horná Mariková,575
660,Horná Mičiná,628
661,Horná Poruba,1074
662,Horná Potôň,2112
663,Horná Seč,559
664,Horná Streda,1373
665,Horná Strehová,166
666,Horná Súča,3360
667,Horná Štubňa,1609
668,Horná Ves,NaN
670,Horná Ždaňa,537
671,Horné Dubové,385
672,Horné Hámre,660
673,Horné Chlebany,372
674,Horné Lefantovce,894
675,Horné Mladonice,188
676,Horné Mýto,923
677,Horné Naštice,491
678,Horné Obdokovce,1490
679,Horné Orešany,1939
680,Horné Otrokovce,855
681,Horné Plachtince,205
682,Horné Pršany,398
683,Horné Saliby,3282
684,Horné Semerovce,633
685,Horné Srnie,2749
686,Horné Strháre,257
687,Horné Štitáre,571
688,Horné Trhovište,605
689,Horné Turovce,567
690,Horné Vestenice,614
691,Horné Zahorany,119
692,Horné Zelenice,704
693,Horný Badín,180
694,Horný Bar,1231
695,Horný Hričov,789
696,Horný Kalník,189
697,Horný Lieskov,418
698,Horný Pial,260
699,Horný Tisovník,178
700,Horný Vadičov,1643
701,Horňa,337
702,Horňany,436
703,Horovce,NaN
705,Hoste,NaN
706,Hostice,1079
707,Hostie,1205
708,Hostišovce,244
709,Hostovice,279
710,Hosťová,389
711,Hosťovce,NaN
713,Hozelec,774
714,Hôrka,2077
715,Hôrka nad Váhom,766
716,Hôrky,NaN
717,Hrabičov,569
718,Hrabkov,686
719,Hrabová Roztoka,59
720,Hrabovčík,343
721,Hrabovec,511
722,Hrabovec nad Laborcom,512
723,Hrabovka,NaN
724,Hrabské,606
725,Hrabušice,2536
726,Hradisko,NaN
727,Hradište,NaN
729,Hradište pod Vrátnom,687
730,Hrádok,NaN
731,Hrachovište,705
732,Hrachovo,819
733,Hraničné,188
734,Hranovnica,3178
735,Hraň,1566
736,Hrašné,486
737,Hrašovík,379
738,Hrčeľ,1095
739,Hrhov,1051
740,Hriadky,419
741,Hričovské Podhradie,355
742,Hriňová,7415
743,Hrišovce,297
744,Hrkovce,291
745,Hrlica,70
746,Hrnčiarovce nad Parnou,2253
747,Hrnčiarska Ves,945
748,Hrnčiarske Zalužany,862
749,Hrochoť,1472
750,Hromoš,499
751,Hronec,NaN
752,Hronovce,1476
753,Hronsek,654
754,Hronská Breznica,253
755,Hronská Dúbrava,420
756,Hronské Kľačany,1401
757,Hronské Kosihy,696
758,Hronský Beňadik,1144
759,Hrubá Borša,1172
760,Hruboňovo,519
761,Hrubov,482
762,Hrubý Šúr,1033
763,Hrušov,NaN
765,Hrušovany,NaN
766,Hrušovo,176
767,Hruštín,3125
768,Hubice,624
769,Hubina,515
770,Hubošovce,532
771,Hubová,NaN
772,Hubovo,132
773,Hucín,937
774,Hudcovce,401
775,Hul,1197
776,Humenné,32834
777,Huncovce,3239
778,Hunkovce,340
779,Hurbanova Ves,414
780,Hurbanovo,7397
781,Husák,NaN
782,Husiná,557
783,Hutka,99
784,Huty,156
785,Hviezdoslavov,2155
786,Hvozdnica,1201
787,Hybe,1454
788,Hýľov,506
789,Chanava,705
790,Chlebnice,1618
791,Chlmec,NaN
792,Chľaba,696
793,Chmeľnica,993
794,Chmeľov,1036
795,Chmeľová,373
796,Chmeľovec,448
797,Chminianska Nová Ves,1306
798,Chminianske Jakubovany,2551
799,Chmiňany,1002
800,Choča,489
801,Chocholná-Velčice,1689
802,Choňkovce,514
803,Chorvátsky Grob,6328
804,Chorváty,99
805,Chotča,633
806,Chotín,1364
807,Chrabrany,797
808,Chrámec,457
809,Chrastince,212
810,Chrastné,614
811,Chrasť nad Hornádom,915
812,Chrenovec-Brusno,1380
813,Chropov,386
814,Chrťany,126
815,Chtelnica,2551
816,Chudá Lehota,221
817,Chvalová,199
818,Chvojnica,NaN
820,Chynorany,2726
821,Chyžné,420
822,Igram,581
823,Ihľany,1561
824,Ihráč,514
825,Ilava,5464
826,Iliašovce,1000
827,Ilija,358
828,Imeľ,1954
829,Inovce,203
830,Iňa,226
831,Iňačovce,769
832,Ipeľské Predmostie,617
833,Ipeľské Úľany,268
834,Ipeľský Sokolec,826
835,Istebné,1371
836,Ivachnová,655
837,Ivančiná,80
838,Ivanice,292
839,Ivanka pri Dunaji,6835
840,Ivanka pri Nitre,2774
841,Ivanovce,999
842,Iža,1703
843,Ižipovce,88
844,Ižkovce,90
845,Jablonec,NaN
846,Jablonica,2242
847,Jablonka,NaN
848,Jablonov,1008
849,Jablonov nad Turňou,736
850,Jablonové,NaN
852,Jabloň,NaN
853,Jabloňovce,210
854,Jacovce,1751
855,Jahodná,NaN
856,Jaklovce,1873
857,Jakovany,338
858,Jakubany,2846
859,Jakubov,1638
860,Jakubova Voľa,400
861,Jakubovany,NaN
863,Jakušovce,42
864,Jalová,64
865,Jalovec,NaN
867,Jalšové,487
868,Jalšovík,184
869,Jamník,NaN
871,Janice,308
872,Janík,634
873,Janíky,926
874,Jankovce,266
875,Janov,NaN
876,Janova Lehota,969
877,Janovce,462
878,Jánovce,NaN
880,Janovík,367
881,Jarabá,41
882,Jarabina,NaN
883,Jarok,NaN
884,Jarovnice,7027
885,Jasenica,NaN
886,Jasenie,1167
887,Jasenov,NaN
889,Jasenová,419
890,Jasenovce,207
891,Jasenové,617
892,Jasenovo,122
893,Jaslovské Bohunice,2354
894,Jasov,3695
895,Jasová,1133
896,Jastrabá,534
897,Jastrabie nad Topľou,489
898,Jastrabie pri Michalovciach,284
899,Jatov,725
900,Jazernica,NaN
901,Jedlinka,84
902,Jedľové Kostoľany,896
903,Jelenec,2116
904,Jelka,3982
905,Jelšava,NaN
906,Jelšovce,994
907,Jelšovec,NaN
908,Jenkovce,436
909,Jesenské,NaN
911,Jestice,150
912,Ješkova Ves,504
913,Jezersko,75
914,Jovice,744
915,Jovsa,827
916,Jur nad Hronom,961
917,Jurkova Voľa,84
918,Jurová,465
919,Jurské,1299
920,Juskova Voľa,296
921,Kačanov,474
922,Kajal,1521
923,Kalameny,452
924,Kalinkovo,1410
925,Kalinov,NaN
926,Kalinovo,2249
927,Kalná nad Hronom,2064
928,Kalná Roztoka,536
929,Kálnica,1060
930,Kalnište,520
931,Kalonda,208
932,Kalša,741
933,Kaloša,830
934,Kaluža,424
935,Kaľamenová,86
936,Kaľava,398
937,Kamanová,609
938,Kamenec pod Vtáčnikom,1778
939,Kamenica,NaN
940,Kamenica nad Cirochou,2316
941,Kamenica nad Hronom,1314
942,Kameničany,551
943,Kameničná,NaN
944,Kamenín,1457
945,Kamenná Poruba,NaN
947,Kamenné Kosihy,329
948,Kamenný Most,NaN
949,Kameňany,874
950,Kamienka,NaN
952,Kanianka,4009
953,Kapince,187
954,Kapišová,447
955,Kaplna,NaN
956,Kapušany,2250
957,Kapušianske Kľačany,964
958,Karlová,107
959,Karná,454
960,Kašov,294
961,Kátlovce,1129
962,Kátov,641
963,Kazimír,NaN
964,Kecerovce,3642
965,Kecerovský Lipovec,124
966,Kečkovce,262
967,Kečovo,344
968,Kechnec,1193
969,Kendice,2025
970,Kesovce,255
971,Keť,584
972,Kežmarok,16346
973,Kiarov,286
974,Kladzany,539
975,Klasov,1383
976,Kláštor pod Znievom,1667
977,Klátova Nová Ves,1669
978,Klčov,633
979,Klenov,235
980,Klenová,NaN
981,Klenovec,3159
982,Kleňany,268
983,Klieština,NaN
984,Klin,NaN
985,Klin nad Bodrogom,199
986,Klížska Nemá,457
987,Klokoč,NaN
988,Klokočov,NaN
990,Klubina,535
991,Kluknava,1555
992,Kľačany,1121
993,Kľače,420
994,Kľačno,1077
995,Kľak,NaN
996,Kľúčovec,366
997,Kľušov,1116
998,Kmeťovo,822
999,Kobeliarovo,500
1000,Kobylnice,NaN
1001,Kobyly,NaN
1002,Koceľovce,241
1003,Kociha,213
1004,Kocurany,523
1005,Kočín-Lančár,519
1006,Kočovce,1625
1007,Kochanovce,NaN
1009,Kojatice,NaN
1010,Kojšov,705
1011,Kokava nad Rimavicou,2825
1012,Kokošovce,907
1013,Kokšov-Bakša,1223
1014,Kolačkov,1366
1015,Kolačno,887
1016,Koláre,245
1017,Kolárovice,1810
1018,Kolárovo,10586
1019,Kolbasov,69
1020,Kolbovce,188
1021,Kolibabovce,188
1022,Kolinovce,579
1023,Kolíňany,1549
1024,Kolonica,556
1025,Kolta,1258
1026,Komárany,502
1027,Komárno,33751
1028,Komárov,NaN
1029,Komárovce,NaN
1030,Komjatice,4292
1031,Komjatná,1552
1032,Komoča,960
1033,Koniarovce,646
1034,Konrádovce,339
1035,Konská,NaN
1037,Koňuš,342
1038,Kopčany,NaN
1039,Kopernica,NaN
1040,Koplotovce,769
1041,Koprivnica,NaN
1042,Kordíky,474
1043,Korejovce,80
1044,Korňa,1981
1045,Koromľa,424
1046,Korunková,80
1047,Korytárky,963
1048,Korytné,85
1049,Kosihovce,574
1050,Kosihy nad Ipľom,390
1051,Kosorín,468
1052,Kostolec,NaN
1053,Kostolište,1649
1054,Kostolná pri Dunaji,735
1055,Kostolná Ves,474
1056,Kostolná-Záriečie,691
1057,Kostolné,577
1058,Kostolné Kračany,1393
1059,Kostoľany nad Hornádom,1245
1060,Kostoľany pod Tribečom,335
1061,Koš,NaN
1062,Košariská,431
1063,Košarovce,623
1064,Košeca,2737
1065,Košecké Podhradie,1059
1066,Košice I,67484
1067,Košice II,82278
1068,Košice III,28687
1069,Košice IV,60144
1070,Košická Belá,978
1071,Košická Polianka,1037
1072,Košické Oľšany,1334
1073,Košický Klečenov,290
1074,Koškovce,580
1075,Košolná,815
1076,Košúty,NaN
1077,Košťany nad Turcom,1340
1078,Kotešová,2069
1079,Kotmanová,297
1080,Kotrčiná Lúčka,545
1081,Kováčová,NaN
1083,Kováčovce,327
1084,Koválov,697
1085,Koválovec,156
1086,Kovarce,1592
1087,Kozárovce,2070
1088,Kozelník,164
1089,Kozí Vrbovok,157
1090,Kožany,101
1091,Kožuchov,198
1092,Kožuchovce,57
1093,Kračúnovce,1248
1094,Krahule,276
1095,Krajná Bystrá,466
1096,Krajná Poľana,216
1097,Krajná Porúbka,40
1098,Krajné,1449
1099,Krajné Čierno,74
1100,Krakovany,NaN
1101,Králiky,686
1102,Kráľ,NaN
1103,Kráľov Brod,1765
1104,Kráľova Lehota,604
1105,Kráľová nad Váhom,1803
1106,Kráľová pri Senci,2114
1107,Kraľovany,431
1108,Kráľovce,1181
1109,Kráľovce-Krnišov,149
1110,Kráľovičove Kračany,1091
1111,Kráľovský Chlmec,7426
1112,Kraskovo,NaN
1113,Krásna Lúka,672
1114,Krásna Ves,507
1115,Krásno,NaN
1116,Krásno nad Kysucou,6799
1117,Krásnohorská Dlhá Lúka,725
1118,Krásnohorské Podhradie,2746
1119,Krásnovce,632
1120,Krásny Brod,491
1121,Krasňany,NaN
1122,Kravany,NaN
1124,Kravany nad Dunajom,710
1125,Krčava,402
1126,Kremná,98
1127,Kremnica,5258
1128,Kremnické Bane,261
1129,Kristy,317
1130,Krišľovce,29
1131,Krišovská Liesková,935
1132,Krivá,800
1133,Krivany,1242
1134,Kriváň,NaN
1135,Krivé,NaN
1136,Krivoklát,244
1137,Krivosúd-Bodovka,358
1138,Kríže,NaN
1139,Krížová Ves,2280
1140,Krížovany,370
1141,Križovany nad Dudváhom,1806
1142,Krná,52
1143,Krnča,1335
1144,Krokava,26
1145,Krompachy,8684
1146,Krpeľany,1067
1147,Krškany,NaN
1148,Krtovce,305
1149,Kručov,209
1150,Krupina,7912
1151,Krušetnica,961
1152,Krušinec,242
1153,Krušovce,1675
1154,Kružlov,1008
1155,Kružlová,700
1156,Kružná,479
1157,Kružno,367
1158,Kšinná,493
1159,Kubáňovo,259
1160,Kučín,NaN
1162,Kuchyňa,NaN
1163,Kuklov,795
1164,Kuková,741
1165,Kukučínov,579
1166,Kunerad,1029
1167,Kunešov,208
1168,Kunova Teplica,717
1169,Kuraľany,492
1170,Kurima,NaN
1171,Kurimany,368
1172,Kurimka,383
1173,Kurov,673
1174,Kusín,341
1175,Kútniky,1430
1176,Kúty,NaN
1177,Kuzmice,NaN
1179,Kvačany,NaN
1181,Kvakovce,426
1182,Kvašov,NaN
1183,Kvetoslavov,1631
1184,Kyjatice,76
1185,Kyjov,NaN
1186,Kynceľová,374
1187,Kysak,NaN
1188,Kyselica,NaN
1189,Kysta,386
1190,Kysucké Nové Mesto,14953
1191,Kysucký Lieskovec,2352
1192,Láb,1996
1193,Lackov,102
1194,Lacková,NaN
1195,Lackovce,799
1196,Lada,NaN
1197,Ladce,2587
1198,Ladice,738
1199,Ladmovce,319
1200,Ladomerská Vieska,805
1201,Ladomirov,255
1202,Ladomirová,1056
1203,Ladzany,263
1204,Lakšárska Nová Ves,1143
1205,Lascov,572
1206,Laskár,NaN
1207,Lastomír,1210
1208,Lastovce,1206
1209,Laškovce,698
1210,Látky,595
1211,Lazany,NaN
1212,Lazisko,383
1213,Lazy pod Makytou,1208
1214,Lažany,NaN
1215,Lednica,NaN
1216,Lednické Rovne,4011
1217,Legnava,98
1218,Lehnice,2851
1219,Lehota,NaN
1220,Lehota nad Rimavicou,282
1221,Lehota pod Vtáčnikom,3870
1222,Lehôtka,361
1223,Lehôtka pod Brehmi,410
1224,Lechnica,251
1225,Lekárovce,885
1226,Leles,1795
1227,Leľa,300
1228,Lemešany,1952
1229,Lenartov,1162
1230,Lenartovce,552
1231,Lendak,5352
1232,Lenka,NaN
1233,Lentvora,92
1234,Leopoldov,4097
1235,Lesenice,496
1236,Lesíček,419
1237,Lesné,442
1238,Lesnica,487
1239,Leštiny,267
1240,Lešť (vojenský obvod),35
1241,Letanovce,2293
1242,Letničie,511
1243,Leváre,80
1244,Levice,NaN
1245,Levkuška,247
1246,Levoča,14722
1247,Ležiachov,146
1248,Libichava,140
1249,Licince,799
1250,Ličartovce,991
1251,Liesek,2978
1252,Lieskovany,359
1253,Lieskovec,NaN
1255,Liešno,53
1256,Liešťany,1219
1257,Lietava,1555
1258,Lietavská Lúčka,1840
1259,Lietavská Svinná-Babkov,1726
1260,Likavka,3032
1261,Limbach,2254
1262,Lipany,6542
1263,Lipník,NaN
1264,Lipníky,520
1265,Lipová,NaN
1267,Lipovany,241
1268,Lipovce,522
1269,Lipové,145
1270,Lipovec,NaN
1272,Lipovník,NaN
1274,Liptovská Anna,85
1275,Liptovská Kokava,967
1276,Liptovská Lúžna,2783
1277,Liptovská Osada,1634
1278,Liptovská Porúbka,1185
1279,Liptovská Sielnica,605
1280,Liptovská Štiavnica,1269
1281,Liptovská Teplá,1005
1282,Liptovská Teplička,2462
1283,Liptovské Beharovce,78
1284,Liptovské Kľačany,378
1285,Liptovské Matiašovce,321
1286,Liptovské Revúce,1513
1287,Liptovské Sliače,3676
1288,Liptovský Hrádok,7397
1289,Liptovský Ján,1096
1290,Liptovský Michal,308
1291,Liptovský Mikuláš,31000
1292,Liptovský Ondrej,615
1293,Liptovský Peter,1318
1294,Liptovský Trnovec,553
1295,Lisková,2088
1296,Lišov,NaN
1297,Litava,NaN
1298,Litmanová,642
1299,Livina,NaN
1300,Livinské Opatovce,282
1301,Livov,72
1302,Livovská Huta,43
1303,Lodno,983
1304,Lok,951
1305,Lokca,2392
1306,Lom nad Rimavicou,250
1307,Lomná,940
1308,Lomné,235
1309,Lomnička,NaN
1310,Lontov,664
1311,Lopašov,333
1312,Lopúchov,314
1313,Lopušné Pažite,447
1314,Lošonec,563
1315,Lovce,699
1316,Lovča,682
1317,Lovčica-Trubín,1590
1318,Lovinobaňa,2003
1319,Lozorno,3056
1320,Ložín,821
1321,Lubeník,1281
1322,Lubina,NaN
1323,Lúč na Ostrove,689
1324,Lučatín,666
1325,Lučenec,27739
1326,Lúčina,164
1327,Lučivná,NaN
1328,Lúčka,NaN
1332,Lúčky,NaN
1335,Lúčnica nad Žitavou,929
1336,Ludanice,1812
1337,Ludrová,999
1338,Luhyňa,289
1339,Lúka,NaN
1340,Lukačovce,445
1341,Lukáčovce,1155
1342,Lukavica,NaN
1344,Lukov,NaN
1345,Lukovištia,178
1346,Lúky,NaN
1347,Lula,NaN
1348,Lupoč,218
1349,Lutila,1421
1350,Lutiše,724
1351,Lužany,NaN
1352,Lužany pri Topli,257
1353,Lužianky,2995
1354,Lysá pod Makytou,2074
1355,Lysica,851
1356,Ľubá,403
1357,Ľubeľa,1142
1358,Ľubica,NaN
1359,Ľubietová,1219
1360,Ľubiša,816
1361,Ľubochňa,1053
1362,Ľuboreč,NaN
1363,Ľuboriečka,152
1364,Ľubotice,3602
1365,Ľubotín,1355
1366,Ľubovec,515
1367,Ľudovítová,240
1368,Ľutina,499
1369,Ľutov,173
1370,Macov,407
1371,Mad,572
1372,Madunice,2271
1373,Magnezitovce,454
1374,Machulince,1108
1375,Majcichov,2158
1376,Majere,NaN
1377,Majerovce,445
1378,Makov,NaN
1379,Makovce,155
1380,Malá Čalomija,203
1381,Malá Čausa,707
1382,Malá Čierna,345
1383,Malá Domaša,595
1384,Malá Franková,184
1385,Malá Hradná,394
1386,Malá Ida,1741
1387,Malá Lehota,831
1388,Malá Lodina,190
1389,Malá Mača,590
1390,Malá nad Hronom,392
1391,Malá Poľana,116
1392,Malá Tŕňa,371
1393,Malacky,17467
1394,Malachov,1106
1395,Málaš,471
1396,Malatiná,824
1397,Malatíny,237
1398,Malcov,1622
1399,Malčice,1524
1400,Malé Borové,117
1401,Malé Dvorníky,1156
1402,Malé Chyndice,390
1403,Malé Hoste,393
1404,Malé Kosihy,400
1405,Malé Kozmálovce,320
1406,Malé Kršteňany,542
1407,Malé Lednice,500
1408,Malé Leváre,1365
1409,Malé Ludince,166
1410,Malé Ozorovce,524
1411,Malé Raškovce,231
1412,Malé Ripňany,557
1413,Malé Straciny,146
1414,Malé Trakany,1034
1415,Malé Uherce,770
1416,Malé Vozokany,315
1417,Malé Zálužie,263
1418,Malé Zlievce,292
1419,Málinec,1504
1420,Malinová,NaN
1421,Malinovo,3569
1422,Malužiná,230
1423,Malý Cetín,438
1424,Malý Čepčín,548
1425,Malý Horeš,1098
1426,Malý Kamenec,426
1427,Malý Krtíš,518
1428,Malý Lapáš,1074
1429,Malý Lipník,NaN
1430,Malý Slavkov,1103
1431,Malý Slivník,997
1432,Malý Šariš,1754
1433,Malženice,1540
1434,Mankovce,531
1435,Maňa,2025
1436,Marcelová,3714
1437,Margecany,1896
1438,Marhaň,964
1439,Marianka,2196
1440,Markovce,1030
1441,Markuška,155
1442,Markušovce,4606
1443,Maršová-Rašov,989
1444,Martin,NaN
1445,Martin nad Žitavou,535
1446,Martinček,NaN
1447,Martinová,NaN
1448,Martovce,679
1449,Mašková,NaN
1450,Maškovce,52
1451,Matejovce nad Hornádom,530
1452,Matiaška,280
1453,Matiašovce,821
1454,Matovce,126
1455,Matúškovo,2256
1456,Matysová,68
1457,Maťovské Vojkovce,636
1458,Medovarce,221
1459,Medvedie,46
1460,Medveďov,539
1461,Medzany,936
1462,Medzev,4482
1463,Medzianky,287
1464,Medzibrod,1383
1465,Medzibrodie nad Oravou,559
1466,Medzilaborce,6531
1467,Melčice-Lieskové,1612
1468,Melek,482
1469,Meliata,197
1470,Mengusovce,718
1471,Merašice,441
1472,Merník,609
1473,Mestečko,NaN
1474,Mestisko,461
1475,Mičakovce,136
1476,Mierovo,447
1477,Miezgovce,280
1478,Michajlov,86
1479,Michal na Ostrove,1009
1480,Michal nad Žitavou,662
1481,Michalková,31
1482,Michalok,283
1483,Michalová,1358
1484,Michalovce,38776
1485,Michaľany,1905
1486,Miklušovce,301
1487,Miková,131
1488,Mikulášová,126
1489,Mikušovce,NaN
1491,Milhosť,397
1492,Miloslavov,3469
1493,Milpoš,668
1494,Miňovce,338
1495,Mirkovce,1366
1496,Miroľa,54
1497,Mládzovo,94
1498,Mlynárovce,227
1499,Mlynčeky,688
1500,Mlynica,NaN
1501,Mlynky,NaN
1502,Mníchova Lehota,1226
1503,Mníšek nad Hnilcom,1801
1504,Mníšek nad Popradom,628
1505,Moča,1122
1506,Močenok,4281
1507,Močiar,NaN
1508,Modra,9046
1509,Modra nad Cirochou,995
1510,Modrany,1340
1511,Modrová,488
1512,Modrovka,194
1513,Modrý Kameň,1624
1514,Mojmírovce,2914
1515,Mojš,1234
1516,Mojtín,420
1517,Mojzesovo,1337
1518,Mokrá Lúka,536
1519,Mokrance,1358
1520,Mokroluh,772
1521,Mokrý Háj,722
1522,Moldava nad Bodvou,11307
1523,Moravany,NaN
1524,Moravany nad Váhom,2461
1525,Moravské Lieskové,2562
1526,Moravský Svätý Ján,2161
1527,Most pri Bratislave,3716
1528,Mostová,NaN
1529,Moškovec,65
1530,Mošovce,1340
1531,Moštenica,235
1532,Mošurov,180
1533,Motešice,793
1534,Motyčky,108
1535,Môlča,371
1536,Mrázovce,82
1537,Mučín,788
1538,Mudroňovo,128
1539,Mudrovce,68
1540,Muľa,360
1541,Muráň,NaN
1542,Muránska Dlhá Lúka,901
1543,Muránska Huta,188
1544,Muránska Lehota,195
1545,Muránska Zdychava,239
1546,Mútne,3068
1547,Mužla,1830
1548,Myjava,NaN
1549,Myslina,NaN
1550,Mýtna,NaN
1551,Mýtne Ludany,950
1552,Mýto pod Ďumbierom,528
1553,Nacina Ves,1809
1554,Nadlice,599
1555,Naháč,NaN
1556,Nálepkovo,3509
1557,Námestovo,7784
1558,Nána,1230
1559,Nandraž,284
1560,Necpaly,NaN
1561,Nedanovce,618
1562,Nedašovce,448
1563,Neded,3223
1564,Nededza,1052
1565,Nedožery-Brezany,2141
1566,Nechválova Polianka,63
1567,Nemce,1161
1568,Nemcovce,NaN
1570,Nemčice,987
1571,Nemčiňany,671
1572,Nemecká,NaN
1573,Nemečky,312
1574,Nemešany,425
1575,Nemšová,6414
1576,Nenince,1346
1577,Neporadza,NaN
1579,Nesvady,5049
1580,Nesluša,3168
1581,Neverice,720
1582,Nevidzany,NaN
1584,Nevoľné,424
1585,Nezbudská Lúčka,394
1586,Nimnica,709
1587,Nitra,76533
1588,Nitra nad Ipľom,377
1589,Nitrianska Blatnica,1243
1590,Nitrianska Streda,735
1591,Nitrianske Hrnčiarovce,2108
1592,Nitrianske Pravno,3216
1593,Nitrianske Rudno,NaN
1594,Nitrianske Sučany,1185
1595,Nitrica,NaN
1596,Nižná,NaN
1598,Nižná Boca,163
1599,Nižná Hutka,614
1600,Nižná Jablonka,161
1601,Nižná Jedľová,101
1602,Nižná Kamenica,611
1603,Nižná Myšľa,1675
1604,Nižná Olšava,429
1605,Nižná Pisaná,81
1606,Nižná Polianka,226
1607,Nižná Rybnica,415
1608,Nižná Sitnica,312
1609,Nižná Slaná,1257
1610,Nižná Voľa,284
1611,Nižné Ladičkovce,337
1612,Nižné Nemecké,333
1613,Nižné Repaše,163
1614,Nižné Ružbachy,635
1615,Nižný Čaj,265
1616,Nižný Hrabovec,1660
1617,Nižný Hrušov,1499
1618,Nižný Klátov,856
1619,Nižný Komárnik,190
1620,Nižný Kručov,396
1621,Nižný Lánec,460
1622,Nižný Mirošov,271
1623,Nižný Orlík,321
1624,Nižný Skálnik,184
1625,Nižný Slavkov,854
1626,Nižný Tvarožec,540
1627,Nižný Žipov,1451
1628,Nolčovo,257
1629,Norovce,317
1630,Nová Baňa,7314
1631,Nová Bašta,481
1632,Nová Bošáca,1059
1633,Nová Bystrica,NaN
1634,Nová Dedina,1470
1635,Nová Dedinka,2823
1636,Nová Dubnica,11040
1637,Nová Kelča,378
1638,Nová Lehota,NaN
1639,Nová Lesná,1650
1640,Nová Ľubovňa,2989
1641,Nová Polhora,490
1642,Nová Polianka,NaN
1643,Nová Sedlica,259
1644,Nová Ves,NaN
1645,Nová Ves nad Váhom,560
1646,Nová Ves nad Žitavou,1358
1647,Nová Vieska,690
1648,Nováčany,769
1649,Nováky,4203
1650,Nové Hony,176
1651,Nové Mesto nad Váhom,20071
1652,Nové Sady,NaN
1653,Nové Zámky,37512
1654,Novosad,1000
1655,Novoť,3683
1656,Nový Ruskov,678
1657,Nový Salaš,223
1658,Nový Svet,89
1659,Nový Tekov,863
1660,Nový Život,2239
1661,Nýrovce,499
1662,Ňagov,411
1663,Ňárad,625
1664,Obeckov,449
1665,Obid,1166
1666,Obišovce,481
1667,Oborín,731
1668,Obručné,29
1669,Obyce,1501
1670,Očkov,478
1671,Očová,2600
1672,Odorín,979
1673,Ohrady,1347
1674,Ohradzany,639
1675,Ochodnica,1922
1676,Ochtiná,556
1677,Okoč,3552
1678,Okoličná na Ostrove,1484
1679,Okrúhle,596
1680,Okružná,NaN
1681,Olcnava,1082
1682,Olejníkov,529
1683,Olešná,NaN
1684,Olováry,282
1685,Olšovany,682
1686,Oľdza,546
1687,Oľka,NaN
1688,Oľšavce,172
1689,Oľšavica,266
1690,Oľšavka,NaN
1692,Oľšinkov,23
1693,Oľšov,381
1694,Omastiná,NaN
1695,Omšenie,1934
1696,Ondavka,NaN
1697,Ondavské Matiašovce,794
1698,Ondrašovce,54
1699,Ondrašová,84
1700,Ondrejovce,467
1701,Opátka,NaN
1702,Opatovce,417
1703,Opatovce nad Nitrou,1563
1704,Opatovská Nová Ves,676
1705,Opava,NaN
1706,Opiná,191
1707,Opoj,1269
1708,Oponice,811
1709,Oravce,180
1710,Orávka,170
1711,Oravská Jasenica,1879
1712,Oravská Lesná,3434
1713,Oravská Polhora,3997
1714,Oravská Poruba,1064
1715,Oravský Biely Potok,722
1716,Oravský Podzámok,1373
1717,Ordzovany,163
1718,Orechová,256
1719,Orechová Potôň,1645
1720,Oravské Veselé,2961
1721,Oreské,NaN
1723,Orešany,328
1724,Orlov,611
1725,Orovnica,556
1726,Ortuťová,193
1727,Osádka,167
1728,Osadné,157
1729,Osikov,969
1730,Oslany,2375
1731,Osrblie,368
1732,Ostrá Lúka,301
1733,Ostratice,793
1734,Ostrov,NaN
1736,Ostrovany,2220
1737,Ostrý Grúň,543
1738,Osturňa,311
1739,Osuské,603
1740,Oščadnica,NaN
1741,Otrhánky,397
1742,Otročok,326
1743,Ovčiarsko,686
1744,Ovčie,665
1745,Ozdín,290
1746,Ožďany,1663
1747,Pača,577
1748,Padáň,896
1749,Padarovce,175
1750,Pakostov,439
1751,Palárikovo,4189
1752,Palín,897
1753,Palota,198
1754,Panické Dravce,752
1755,Paňa,395
1756,Paňovce,607
1757,Papín,938
1758,Papradno,2453
1759,Parchovany,1939
1760,Parihuzovce,21
1761,Párnica,926
1762,Partizánska Ľupča,1266
1763,Partizánske,22269
1764,Pastovce,499
1765,Pastuchov,965
1766,Pašková,NaN
1767,Paština Závada,234
1768,Pata,3174
1769,Pataš,780
1770,Patince,448
1771,Pavčina Lehota,396
1772,Pavlice,NaN
1773,Pavlová,220
1774,Pavlova Ves,267
1775,Pavlovce,NaN
1777,Pavlovce nad Uhom,4687
1778,Pavľany,48
1779,Pažiť,NaN
1780,Pčoliné,553
1781,Pečenice,131
1782,Pečeňady,558
1783,Pečeňany,522
1784,Pečovská Nová Ves,2820
1785,Peder,403
1786,Perín-Chym,1479
1787,Pernek,867
1788,Petkovce,140
1789,Petrikovce,194
1790,Petrová,915
1791,Petrova Lehota,186
1792,Petrova Ves,1091
1793,Petrovany,1984
1794,Petrovce,NaN
1797,Petrovce nad Laborcom,1063
1798,Petrovice,NaN
1799,Petrovo,111
1800,Pezinok,23034
1801,Piešťany,27336
1802,Pichne,578
1803,Píla,NaN
1806,Pinciná,219
1807,Pinkovce,187
1808,Piskorovce,115
1809,Pitelová,646
1810,Plášťovce,1515
1811,Plavé Vozokany,766
1812,Plavecké Podhradie,667
1813,Plavecký Mikuláš,731
1814,Plavecký Peter,641
1815,Plavecký Štvrtok,2477
1816,Plaveč,NaN
1817,Plavnica,1647
1818,Plechotice,786
1819,Pleš,NaN
1820,Plešivec,2275
1821,Plevník-Drienové,1657
1822,Pliešovce,2329
1823,Ploské,NaN
1825,Pobedim,1151
1826,Počarová,140
1827,Počúvadlo,96
1828,Podbiel,1286
1829,Podbranč,616
1830,Podbrezová,3797
1831,Podhájska,1015
1832,Podhorany,NaN
1835,Podhorie,NaN
1837,Podhoroď,340
1838,Podhradie,NaN
1841,Podhradík,398
1842,Podkonice,913
1843,Podkriváň,564
1844,Podkylava,223
1845,Podlužany,NaN
1847,Podolie,NaN
1848,Podolínec,3155
1849,Podrečany,544
1850,Podskalie,123
1851,Podtureň,1117
1852,Podvysoká,1342
1853,Podzámčok,539
1854,Pohorelá,2158
1855,Pohranice,1096
1856,Pohronská Polhora,1710
1857,Pohronský Bukovec,118
1858,Pohronský Ruskov,1214
1859,Pochabany,256
1860,Pokryváč,163
1861,Poliakovce,382
1862,Polianka,390
1863,Polichno,129
1864,Polina,107
1865,Poloma,NaN
1866,Polomka,2964
1867,Poltár,5584
1868,Poluvsie,NaN
1869,Poľanovce,164
1870,Poľany,494
1871,Poľný Kesov,666
1872,Pongrácovce,118
1873,Poniky,1555
1874,Poprad,51235
1875,Poproč,NaN
1877,Popudinské Močidľany,942
1878,Poráč,974
1879,Poriadie,685
1880,Porostov,191
1881,Poruba,NaN
1882,Poruba pod Vihorlatom,609
1883,Porúbka,NaN
1887,Poša,977
1888,Potok,NaN
1890,Potoky,NaN
1891,Potôčky,NaN
1892,Potônske Lúky,283
1893,Potvorice,680
1894,Považany,1246
1895,Považská Bystrica,39271
1896,Povina,1154
1897,Povoda,969
1898,Povrazník,NaN
1899,Pozba,443
1900,Pozdišovce,1317
1901,Pôtor,775
1902,Praha,1294513
1903,Prakovce,3342
1904,Prašice,2027
1905,Prašník,833
1906,Pravenec,1319
1907,Pravica,NaN
1908,Pravotice,332
1909,Práznovce,969
1910,Prečín,1509
1911,Predajná,1316
1912,Predmier,NaN
1913,Prenčov,661
1914,Preseľany,1433
1915,Prestavlky,700
1916,Prešov,88464
1917,Príbelce,566
1918,Pribeník,987
1919,Pribeta,2770
1920,Pribiš,461
1921,Príbovce,1118
1922,Pribylina,1312
1923,Priechod,NaN
1924,Priekopa,NaN
1925,Priepasné,371
1926,Prietrž,NaN
1927,Prietržka,532
1928,Prievaly,1011
1929,Prievidza,45634
1930,Prihradzany,76
1931,Príkra,12
1932,Príslop,NaN
1933,Prituľany,44
1934,Proč,411
1935,Prochot,562
1936,Prosačov,220
1937,Prosiek,216
1938,Prša,214
1939,Pruské,2317
1940,Prusy,NaN
1941,Pružina,NaN
1942,Pstriná,55
1943,Ptičie,647
1944,Ptrukša,464
1945,Pucov,NaN
1946,Púchov,17561
1947,Pukanec,1823
1948,Pusté Čemerné,367
1949,Pusté Pole,NaN
1950,Pusté Sady,601
1951,Pusté Úľany,1806
1952,Pušovce,527
1953,Rabča,5106
1954,Rabčice,2038
1955,Rad,NaN
1956,Radatice,812
1957,Radava,748
1958,Radimov,555
1959,Radnovce,964
1960,Radobica,531
1961,Radoľa,1512
1962,Radoma,429
1963,Radošina,1934
1964,Radošovce,NaN
1966,Radôstka,801
1967,Radvanovce,233
1968,Radvaň nad Dunajom,704
1969,Radvaň nad Laborcom,555
1970,Radzovce,1556
1971,Rafajovce,175
1972,Rajčany,518
1973,Rajec,5787
1974,Rajecká Lesná,1185
1975,Rajecké Teplice,3023
1976,Rákoš,NaN
1978,Raková,NaN
1979,Rakovčík,168
1980,Rakovec nad Ondavou,1062
1981,Rakovice,NaN
1982,Rakovnica,594
1983,Rakovo,379
1984,Rakša,NaN
1985,Rakúsy,NaN
1986,Rakytník,NaN
1987,Rankovce,928
1988,Rapovce,939
1989,Raslavice,2804
1990,Rastislavice,957
1991,Rašice,119
1992,Ratka,303
1993,Ratková,636
1994,Ratkovce,345
1995,Ratkovo,NaN
1996,Ratkovská Lehota,46
1997,Ratkovská Suchá,41
1998,Ratkovské Bystré,327
1999,Ratnovce,1088
2000,Ratvaj,139
2001,Ráztočno,1222
2002,Ráztoka,NaN
2003,Ražňany,1570
2004,Reca,1544
2005,Regetovka,42
2006,Rejdová,761
2007,Reľov,345
2008,Remeniny,278
2009,Remetské Hámre,560
2010,Renčišov,167
2011,Repejov,107
2012,Repište,277
2013,Rešica,327
2014,Rešov,NaN
2015,Revúca,NaN
2016,Revúcka Lehota,303
2017,Riečka,NaN
2019,Richnava,NaN
2020,Richvald,1004
2021,Rimavská Baňa,532
2022,Rimavská Seč,2154
2023,Rimavská Sobota,23751
2024,Rimavské Brezovo,530
2025,Rimavské Janovce,1358
2026,Rimavské Zalužany,357
2027,Rišňovce,2062
2028,Rohov,NaN
2029,Rohovce,1170
2030,Rohožník,NaN
2032,Rochovce,336
2033,Rokycany,NaN
2034,Rokytov,571
2035,Rokytov pri Humennom,283
2036,Rokytovce,171
2037,Rosina,3278
2038,Roškovce,146
2039,Roštár,631
2040,Rovensko,438
2041,Rovinka,4669
2042,Rovné,NaN
2045,Rovňany,248
2046,Rozhanovce,2580
2047,Rozložná,204
2048,Roztoky,NaN
2049,Rožkovany,1331
2050,Rožňava,19045
2051,Rožňavské Bystré,625
2052,Rúbaň,940
2053,Rudina,1825
2054,Rudinka,392
2055,Rudinská,1002
2056,Rudlov,709
2057,Rudná,NaN
2058,Rudnianska Lehota,734
2059,Rudník,NaN
2061,Rudno,193
2062,Rudno nad Hronom,548
2063,Rudňany,4727
2064,Rumanová,820
2065,Rumince,371
2066,Runina,77
2067,Ruská,578
2068,Ruská Bystrá,107
2069,Ruská Kajňa,107
2070,Ruská Nová Ves,1291
2071,Ruská Poruba,228
2072,Ruská Volová,97
2073,Ruská Voľa,85
2074,Ruská Voľa nad Popradom,83
2075,Ruskov,1568
2076,Ruskovce,NaN
2078,Ruský Hrabovec,288
2079,Ruský Potok,136
2080,Ružiná,861
2081,Ružindol,1667
2082,Ružomberok,26558
2083,Rybany,1465
2084,Rybky,419
2085,Rybník,NaN
2087,Rykynčice,268
2088,Sabinov,12700
2089,Sačurov,2506
2090,Sedlice,NaN
2091,Sádočné,154
2092,Sady nad Torysou,1973
2093,Salka,991
2094,Santovka,625
2095,Sap,512
2096,Sása,NaN
2098,Sasinkovo,854
2099,Sazdice,473
2100,Sebedín-Bečov,362
2101,Sebedražie,1723
2102,Sebechleby,1208
2103,Seč,NaN
2104,Sečianky,359
2105,Sečovce,8542
2106,Sečovská Polianka,2750
2107,Sedliacka Dubová,536
2108,Sedliská,1447
2109,Sedmerovec,419
2110,Sejkov,192
2111,Sekule,1782
2112,Selce,NaN
2115,Selec,1009
2116,Selice,2839
2117,Seľany,171
2118,Semerovo,1379
2119,Senec,19963
2120,Seniakovce,167
2121,Senica,20289
2122,Senné,NaN
2124,Senohrad,754
2125,Seňa,2133
2126,Sereď,15444
2127,Sielnica,1427
2128,Sihelné,2161
2129,Sihla,191
2130,Sikenica,NaN
2131,Sikenička,428
2132,Siladice,650
2133,Silica,NaN
2134,Silická Brezová,150
2135,Silická Jablonica,187
2136,Sirk,1286
2137,Sirník,571
2138,Skačany,1348
2139,Skalica,NaN
2140,Skalité,5243
2141,Skalka nad Váhom,1190
2142,Skároš,1113
2143,Skerešovo,228
2144,Sklabiná,976
2145,Sklabinský Podzámok,181
2146,Sklabiňa,622
2147,Sklené,NaN
2148,Sklené Teplice,382
2149,Skrabské,784
2150,Skýcov,971
2151,Sládkovičovo,5209
2152,Slančík,NaN
2153,Slanec,NaN
2154,Slanská Huta,247
2155,Slanské Nové Mesto,477
2156,Slaská,464
2157,Slatina,NaN
2158,Slatina nad Bebravou,441
2159,Slatinka nad Bebravou,191
2160,Slatinské Lazy,544
2161,Slatvina,319
2162,Slavec,479
2163,Slavkovce,705
2164,Slavnica,799
2165,Slavoška,125
2166,Slavošovce,1873
2167,Slepčany,800
2168,Sliač,4959
2169,Sliepkovce,744
2170,Slizké,239
2171,Slivník,766
2172,Slopná,478
2173,Slovany,447
2174,Slovenská Kajňa,749
2175,Slovenská Ľupča,3257
2176,Slovenská Nová Ves,543
2177,Slovenská Ves,1875
2178,Slovenská Volová,568
2179,Slovenské Ďarmoty,547
2180,Slovenské Kľačany,170
2181,Slovenské Krivé,120
2182,Slovenské Nové Mesto,1110
2183,Slovenské Pravno,925
2184,Slovenský Grob,4615
2185,Slovinky,1862
2186,Sľažany,1685
2187,Smilno,702
2188,Smižany,8751
2189,Smolenice,3354
2190,Smolinské,900
2191,Smolnícka Huta,473
2192,Smolník,NaN
2193,Smrdáky,654
2194,Smrečany,680
2195,Snakov,681
2196,Snežnica,1055
2197,Snina,19520
2198,Socovce,237
2199,Soblahov,2400
2200,Soboš,149
2201,Sobotište,1464
2202,Sobrance,6346
2203,Sokolce,1190
2204,Sokolovce,1367
2205,Sokoľ,1237
2206,Sokoľany,1378
2207,Solčany,2475
2208,Solčianky,257
2209,Sološnica,1587
2210,Soľ,NaN
2211,Soľnička,NaN
2212,Soľník,31
2213,Somotor,1409
2214,Sopkovce,97
2215,Spišská Belá,6733
2216,Spišská Nová Ves,37007
2217,Spišská Stará Ves,2230
2218,Spišská Teplica,2260
2219,Spišské Bystré,2549
2220,Spišské Hanušovce,789
2221,Spišské Podhradie,3985
2222,Spišské Tomášovce,2102
2223,Spišské Vlachy,3459
2224,Spišský Hrhov,1685
2225,Spišský Hrušov,1294
2226,Spišský Štiavnik,2907
2227,Spišský Štvrtok,2524
2228,Stakčín,2434
2229,Stakčínska Roztoka,306
2230,Stanča,406
2231,Stankovany,1167
2232,Stankovce,NaN
2233,Stará Bašta,336
2234,Stará Bystrica,2751
2235,Stará Halič,658
2236,Stará Huta,NaN
2237,Stará Kremnička,1156
2238,Stará Lehota,199
2239,Stará Lesná,1018
2240,Stará Ľubovňa,16327
2241,Stará Myjava,NaN
2242,Stará Turá,8764
2243,Stará Voda,NaN
2244,Staré,765
2245,Staré Hory,555
2246,Starina,NaN
2247,Starý Hrádok,203
2248,Starý Tekov,1490
2249,Staškov,2806
2250,Staškovce,245
2251,Stebnícka Huta,225
2252,Stebník,301
2253,Stožok,1058
2254,Stráne pod Tatrami,2629
2255,Stránska,348
2256,Stránske,872
2257,Stráňany,NaN
2258,Stráňavy,1870
2259,Stratená,126
2260,Stráža,673
2261,Strážne,579
2262,Strážske,4250
2263,Strečno,NaN
2264,Streda nad Bodrogom,2217
2265,Stredné Plachtince,587
2266,Strekov,1962
2267,Strelníky,777
2268,Stretava,702
2269,Stretavka,165
2270,Streženice,1044
2271,Strihovce,146
2272,Stročín,568
2273,Stropkov,10438
2274,Studená,NaN
2275,Studenec,NaN
2276,Studienka,1624
2277,Stuľany,559
2278,Stupava,12108
2279,Stupné,689
2280,Sučany,4714
2281,Sudince,82
2282,Súdovce,219
2283,Suchá Dolina,212
2284,Suchá Hora,1448
2285,Suchá nad Parnou,2203
2286,Sucháň,273
2287,Suché,407
2288,Suché Brezovo,94
2289,Suchohrad,647
2290,Sukov,156
2291,Sulín,316
2292,Súlovce,515
2293,Súľov-Hradná,966
2294,Sušany,435
2295,Sútor,607
2296,Svätá Mária,NaN
2297,Svätoplukovo,1342
2298,Svätuš,108
2299,Svätuše,786
2300,Svätý Anton,NaN
2301,Svätý Jur,5724
2302,Svätý Kríž,NaN
2303,Svätý Peter,NaN
2304,Svederník,1447
2305,Sverepec,1359
2306,Sveržov,620
2307,Svetlice,101
2308,Svidnička,137
2309,Svidník,10752
2310,Svinia,2396
2311,Svinica,NaN
2312,Svinice,220
2313,Svinná,1570
2314,Svit,NaN
2315,Svodín,2477
2316,Svrbice,199
2317,Svrčinovec,3487
2318,Šahy,7219
2319,Šajdíkove Humence,1112
2320,Šalgovce,516
2321,Šalgočka,467
2322,Šalov,354
2323,Šaľa,21689
2324,Šambron,376
2325,Šamorín,13350
2326,Šamudovce,653
2327,Šandal,330
2328,Šarbov,16
2329,Šarišská Poruba,638
2330,Šarišská Trstená,359
2331,Šarišské Bohdanovce,921
2332,Šarišské Čierne,297
2333,Šarišské Dravce,1189
2334,Šarišské Jastrabie,1483
2335,Šarišské Michaľany,2828
2336,Šarišské Sokolovce,590
2337,Šarišský Štiavnik,278
2338,Šarkan,NaN
2339,Šarovce,1597
2340,Šašová,159
2341,Šaštín-Stráže,4965
2342,Šávoľ,547
2343,Šelpice,885
2344,Šemetkovce,85
2345,Šemša,865
2346,Šenkvice,5095
2347,Šiatorská Bukovinka,298
2348,Šiba,634
2349,Šíd,1327
2350,Šimonovce,562
2351,Šindliar,540
2352,Šintava,1741
2353,Šípkov,145
2354,Šípkové,297
2355,Širákov,197
2356,Širkovce,977
2357,Široké,2512
2358,Šišov,506
2359,Šivetice,375
2360,Šmigovec,79
2361,Šoltýska,97
2362,Šoporňa,4154
2363,Špačince,3010
2364,Špania Dolina,215
2365,Španie Pole,76
2366,Šrobárová,514
2367,Štefanov,1646
2368,Štefanov nad Oravou,688
2369,Štefanová,NaN
2370,Štefanovce,NaN
2372,Štefanovičová,367
2373,Štefurov,113
2374,Šterusy,503
2375,Štiavnické Bane,820
2376,Štiavnička,NaN
2377,Štiavnik,NaN
2378,Štitáre,1003
2379,Štítnik,NaN
2380,Štós,760
2381,Štôla,534
2382,Štrba,3483
2383,Štrkovec,NaN
2384,Štúrovo,10186
2385,Štvrtok,NaN
2386,Štvrtok na Ostrove,1725
2387,Šuja,328
2388,Šuľa,66
2389,Šumiac,1268
2390,Šuňava,1977
2391,Šurany,9659
2392,Šurianky,574
2393,Šurice,484
2394,Šúrovce,2315
2395,Šútovo,512
2396,Šútovce,446
2397,Švábovce,1570
2398,Švedlár,2177
2399,Švošov,868
2400,Tachty,557
2401,Tajná,281
2402,Tajov,655
2403,Tarnov,406
2404,Tatranská Javorina,198
2405,Tašuľa,183
2406,Tehla,NaN
2407,Tekolďany,134
2408,Tekovská Breznica,1220
2409,Tekovské Lužany,2810
2410,Tekovské Nemce,1091
2411,Tekovský Hrádok,365
2412,Telgárt,1516
2413,Telince,427
2414,Temeš,217
2415,Teplička,NaN
2416,Teplička nad Váhom,4249
2417,Tepličky,297
2418,Teplý Vrch,278
2419,Terany,NaN
2420,Terchová,4076
2421,Teriakovce,820
2422,Terňa,1316
2423,Tesáre,719
2424,Tesárske Mlyňany,1754
2425,Tešedíkovo,3688
2426,Tibava,NaN
2427,Tichý Potok,322
2428,Timoradza,516
2429,Tisinec,483
2430,Tisovec,NaN
2431,Tlmače,3520
2432,Točnica,NaN
2433,Tokajík,98
2434,Tomášikovo,1687
2435,Tomášov,2599
2436,Tomášovce,NaN
2438,Topoľa,NaN
2439,Topoľčany,24785
2440,Topoľčianky,2642
2441,Topoľnica,794
2442,Topoľníky,3152
2443,Topoľovka,807
2444,Toporec,2006
2445,Tornaľa,7114
2446,Torysa,NaN
2447,Torysky,323
2448,Tovarné,986
2449,Tovarnianska Polianka,115
2450,Tovarníky,1506
2451,Tôň,720
2452,Trakovice,1565
2453,Trávnica,1043
2454,Trávnik,NaN
2455,Trebatice,1359
2456,Trebejov,205
2457,Trebeľovce,903
2458,Trebichava,43
2459,Trebišov,24649
2460,Trebostovo,592
2461,Trebušovce,182
2462,Trenč,539
2463,Trenčianska Teplá,4244
2464,Trenčianska Turná,3485
2465,Trenčianske Bohuslavice,928
2466,Trenčianske Jastrabie,1250
2467,Trenčianske Mitice,781
2468,Trenčianske Stankovce,3351
2469,Trenčianske Teplice,4162
2470,Trenčín,55383
2471,Trhová Hradská,2158
2472,Trhovište,2046
2473,Trnava,65033
2474,Trnavá Hora,1248
2475,Trnava pri Laborci,570
2476,Trnávka,NaN
2478,Trnkov,247
2479,Trnovec,NaN
2480,Trnovec nad Váhom,2703
2481,Trnovo,275
2482,Tročany,294
2483,Trpín,NaN
2484,Trstená,7360
2485,Trstená na Ostrove,573
2486,Trstené,222
2487,Trstené pri Hornáde,1559
2488,Trstice,3775
2489,Trstín,1439
2490,Trsťany,297
2491,Tŕnie,422
2492,Tuhár,344
2493,Tuhrina,490
2494,Tuchyňa,792
2495,Tulčík,1320
2496,Tupá,571
2497,Turá,204
2498,Turany,4278
2499,Turany nad Ondavou,366
2500,Turcovce,310
2501,Turček,NaN
2502,Turčianky,144
2503,Turčianska Štiavnička,940
2504,Turčianske Jaseno,410
2505,Turčianske Kľačany,989
2506,Turčianske Teplice,6330
2507,Turčiansky Ďur,172
2508,Turčiansky Peter,512
2509,Turčok,282
2510,Turecká,NaN
2511,Tureň,1161
2512,Turie,2036
2513,Turík,254
2514,Turnianska Nová Ves,321
2515,Turňa nad Bodvou,3646
2516,Turová,NaN
2517,Turzovka,7515
2518,Tušice,669
2519,Tušická Nová Ves,532
2520,Tužina,NaN
2521,Tvarožná,NaN
2522,Tvrdomestice,451
2523,Tvrdošín,9201
2524,Tvrdošovce,5082
2525,Ťapešovo,750
2526,Ubľa,773
2527,Úbrež,852
2528,Udavské,1221
2529,Udiča,2241
2530,Údol,369
2531,Uhliská,NaN
2532,Úhorná,139
2533,Uhorská Ves,500
2534,Uhorské,516
2535,Uhrovec,1514
2536,Uhrovské Podhradie,35
2537,Ulič,841
2538,Uličské Krivé,243
2539,Uloža,203
2540,Úľany nad Žitavou,1533
2541,Unín,NaN
2542,Uňatín,184
2543,Urmince,1409
2544,Utekáč,923
2545,Uzovce,539
2546,Uzovská Panica,824
2547,Uzovské Pekľany,483
2548,Uzovský Šalgov,632
2549,Vaďovce,726
2550,Vagrinec,121
2551,Váhovce,2095
2552,Vajkovce,964
2553,Valaliky,4583
2554,Valaská,3627
2555,Valaská Belá,2079
2556,Valaská Dubová,786
2557,Valaškovce (vojenský obvod),0
2558,Valča,1763
2559,Valentovce,44
2560,Valice,317
2561,Valkovce,206
2562,Vaľkovňa,437
2563,Vaniškovce,371
2564,Vápeník,38
2565,Varadka,228
2566,Varechovce,149
2567,Varhaňovce,1516
2568,Varín,3859
2569,Vasiľov,826
2570,Vavrečka,1581
2571,Vavrinec,NaN
2572,Vavrišovo,690
2573,Važec,2415
2574,Včelince,813
2575,Večelkov,228
2576,Vechec,3009
2577,Velčice,NaN
2578,Veličná,1338
2579,Velušovce,487
2580,Veľaty,820
2581,Veľká Čalomija,587
2582,Veľká Čausa,498
2583,Veľká Čierna,354
2584,Veľká Dolina,687
2585,Veľká Franková,330
2586,Veľká Hradná,749
2587,Veľká Ida,3867
2588,Veľká Lehota,1087
2589,Veľká Lesná,498
2590,Veľká Lodina,305
2591,Veľká Lomnica,4983
2592,Veľká Lúka,NaN
2593,Veľká Mača,2538
2594,Veľká nad Ipľom,921
2595,Veľká Paka,963
2596,Veľká Tŕňa,445
2597,Veľká Ves,441
2598,Veľká Ves nad Ipľom,395
2599,Veľké Bierovce,716
2600,Veľké Blahovo,1583
2601,Veľké Borové,46
2602,Veľké Dravce,708
2603,Veľké Držkovce,35
2604,Veľké Dvorany,736
2605,Veľké Dvorníky,1322
2606,Veľké Hoste,567
2607,Veľké Chlievany,501
2608,Veľké Chyndice,325
2609,Veľké Kapušany,8862
2610,Veľké Kosihy,950
2611,Veľké Kostoľany,2778
2612,Veľké Kozmálovce,698
2613,Veľké Kršteňany,598
2614,Veľké Leváre,3617
2615,Veľké Lovce,1838
2616,Veľké Ludince,1443
2617,Veľké Orvište,1068
2618,Veľké Ozorovce,755
2619,Veľké Pole,431
2620,Veľké Raškovce,295
2621,Veľké Revištia,524
2622,Veľké Ripňany,2042
2623,Veľké Rovné,3750
2624,Veľké Slemence,567
2625,Veľké Straciny,177
2626,Veľké Teriakovce,831
2627,Veľké Trakany,1439
2628,Veľké Turovce,759
2629,Veľké Uherce,2017
2630,Veľké Úľany,4689
2631,Veľké Vozokany,457
2632,Veľké Zálužie,4238
2633,Veľké Zlievce,503
2634,Veľkrop,245
2635,Veľký Biel,2850
2636,Veľký Blh,1182
2637,Veľký Cetín,1545
2638,Veľký Čepčín,252
2639,Veľký Ďur,1254
2640,Veľký Folkmar,903
2641,Veľký Grob,1368
2642,Veľký Horeš,1045
2643,Veľký Kamenec,756
2644,Veľký Klíž,907
2645,Veľký Krtíš,11755
2646,Veľký Kýr,2965
2647,Veľký Lapáš,1739
2648,Veľký Lipník,NaN
2649,Veľký Lom,162
2650,Veľký Meder,8612
2651,Veľký Slavkov,1462
2652,Veľký Slivník,326
2653,Veľký Šariš,6426
2654,Veľopolie,363
2655,Vernár,581
2656,Veselé,NaN
2657,Veterná Poruba,380
2658,Vidiná,1775
2659,Vieska,NaN
2661,Vieska nad Blhom,176
2662,Vieska nad Žitavou,458
2663,Vígľaš,1588
2664,Vígľašská Huta-Kalinka,318
2665,Vikartovce,1887
2666,Vinica,1778
2667,Viničky,493
2668,Viničné,2577
2669,Vinné,1895
2670,Vinodol,2005
2671,Vinohrady nad Váhom,1595
2672,Vinosady,1416
2673,Virt,303
2674,Vislanka,258
2675,Vislava,184
2676,Visolaje,965
2677,Višňov,245
2678,Višňové,NaN
2681,Vištuk,1357
2682,Vitanová,1341
2683,Vítkovce,592
2684,Víťaz,NaN
2685,Víťazovce,307
2686,Vlača,224
2687,Vladiča,66
2688,Vlachovo,806
2689,Vlachy,609
2690,Vlčany,3220
2691,Vlčkovce,1385
2692,Vlkanová,1318
2693,Vlkas,327
2694,Vlková,835
2695,Vlkovce,481
2696,Vlky,405
2697,Vlkyňa,391
2698,Voderady,NaN
2699,Vojany,897
2700,Vojčice,2172
2701,Vojka,496
2702,Vojka nad Dunajom,454
2703,Vojkovce,419
2704,Vojnatina,239
2705,Vojňany,307
2706,Vojtovce,102
2707,Volica,271
2708,Volkovce,1001
2709,Voľa,266
2710,Voznica,649
2711,Vozokany,NaN
2713,Vráble,8551
2714,Vrádište,828
2715,Vrakúň,2735
2716,Vranov nad Topľou,22245
2717,Vrbnica,1187
2718,Vrbov,1546
2719,Vrbovce,1491
2720,Vrbová nad Váhom,528
2721,Vrbové,5907
2722,Vrbovka,329
2723,Vrchteplá,263
2724,Vrícko,455
2725,Vršatské Podhradie,220
2726,Vrútky,7748
2727,Vtáčkovce,1196
2728,Výborná,1286
2729,Výčapy-Opatovce,2216
2730,Vydrany,1725
2731,Vydrná,303
2732,Vydrník,1265
2733,Vyhne,1167
2734,Východná,NaN
2735,Výrava,NaN
2736,Vysočany,NaN
2737,Vysoká,NaN
2739,Vysoká nad Kysucou,2620
2740,Vysoká nad Uhom,796
2741,Vysoká pri Morave,2301
2742,Vysoké Tatry,NaN
2743,Vyškovce,126
2744,Vyškovce nad Ipľom,652
2745,Vyšná Boca,101
2746,Vyšná Hutka,493
2747,Vyšná Jablonka,52
2748,Vyšná Jedľová,183
2749,Vyšná Kamenica,323
2750,Vyšná Myšľa,966
2751,Vyšná Olšava,640
2752,Vyšná Pisaná,68
2753,Vyšná Polianka,109
2754,Vyšná Rybnica,376
2755,Vyšná Sitnica,355
2756,Vyšná Slaná,463
2757,Vyšná Šebastová,1315
2758,Vyšná Voľa,393
2759,Vyšné Ladičkovce,185
2760,Vyšné nad Hronom,174
2761,Vyšné Nemecké,241
2762,Vyšné Remety,415
2763,Vyšné Repaše,89
2764,Vyšné Ružbachy,1438
2765,Vyšné Valice,264
2766,Vyšný Čaj,279
2767,Vyšný Hrabovec,186
2768,Vyšný Hrušov,505
2769,Vyšný Kazimír,187
2770,Vyšný Klátov,450
2771,Vyšný Komárnik,78
2772,Vyšný Kručov,156
2773,Vyšný Kubín,787
2774,Vyšný Medzev,513
2775,Vyšný Mirošov,598
2776,Vyšný Orlík,363
2777,Vyšný Skálnik,142
2778,Vyšný Slavkov,262
2779,Vyšný Tvarožec,121
2780,Vyšný Žipov,1147
2781,Zábiedovo,868
2782,Záborie,168
2783,Záborské,1003
2784,Zádiel,159
2785,Zádor,150
2786,Záhor,635
2787,Záhorce,653
2788,Záhorie (vojenský obvod),153
2789,Záhorská Ves,1870
2790,Záhradné,1059
2791,Zacharovce,382
2792,Zákamenné,5510
2793,Zákopčie,1759
2794,Zalaba,177
2795,Zálesie,NaN
2797,Zalužice,1173
2798,Zamarovce,1141
2799,Zámutov,3277
2800,Záriečie,NaN
2801,Záskalie,NaN
2802,Zatín,773
2803,Závada,NaN
2806,Závadka,NaN
2809,Závadka nad Hronom,2317
2810,Zavar,2230
2811,Závažná Poruba,1268
2812,Závod,NaN
2813,Zázrivá,NaN
2814,Zbehňov,360
2815,Zbehy,2249
2816,Zboj,294
2817,Zbojné,165
2818,Zborov,NaN
2819,Zborov nad Bystricou,2215
2820,Zbrojníky,508
2821,Zbudská Belá,116
2822,Zbudské Dlhé,761
2823,Zbudza,521
2824,Zbyňov,873
2825,Zeleneč,2576
2826,Zemianska Olča,2308
2827,Zemianske Kostoľany,1752
2828,Zemianske Podhradie,774
2829,Zemianske Sady,866
2830,Zemiansky Vrbovok,84
2831,Zemné,2152
2832,Zemplín,NaN
2833,Zemplínska Nová Ves,863
2834,Zemplínska Široká,953
2835,Zemplínska Teplica,1754
2836,Zemplínske Hámre,1261
2837,Zemplínske Hradište,1154
2838,Zemplínske Jastrabie,652
2839,Zemplínske Kopčany,470
2840,Zemplínsky Branč,508
2841,Zlatá Baňa,466
2842,Zlatá Idka,396
2843,Zlaté,774
2844,Zlaté Klasy,3516
2845,Zlaté Moravce,11375
2846,Zlatná na Ostrove,2364
2847,Zlatník,NaN
2848,Zlatníky,682
2849,Zlatno,NaN
2851,Zliechov,592
2852,Zohor,3380
2853,Zombor,145
2854,Zubák,NaN
2855,Zuberec,1835
2856,Zubné,353
2857,Zubrohlava,2359
2858,Zvolen,42167
2859,Zvolenská Slatina,2832
2860,Zvončín,864
2861,Žabokreky,1225
2862,Žabokreky nad Nitrou,1739
2863,Žakarovce,716
2864,Žakovce,907
2865,Žalobín,855
2866,Žarnov,NaN
2867,Žarnovica,6170
2868,Žaškov,1590
2869,Žbince,991
2870,Ždaňa,1416
2871,Ždiar,1378
2872,Žehňa,1270
2873,Žehra,2498
2874,Železná Breznica,550
2875,Železník,469
2876,Želiezovce,6746
2877,Želmanovce,331
2878,Želovce,1215
2879,Žemberovce,1264
2880,Žemliare,151
2881,Žiar,NaN
2883,Žiar nad Hronom,18852
2884,Žibritov,61
2885,Žihárec,1720
2886,Žikava,535
2887,Žilina,80727
2888,Žíp,277
2889,Žipov,303
2890,Žirany,1351
2891,Žitavany,1869
2892,Žitavce,396
2893,Žitná-Radiša,443
2894,Žlkovce,660
2895,Župčany,1690
2896,Župkov,NaN