,village_name,district_name,population
0,Ábelová,Lučenec,196
1,Abovce,Rimavská Sobota,626
2,Abrahám,Galanta,1055
3,Abrahámovce,Kežmarok,269
4,Abrahámovce,Bardejov,341
5,Abramová,Turčianske Teplice,177
6,Abranovce,Prešov,696
7,Adamovské Kochanovce,Trenčín,888
8,Adidovce,Humenné,221
9,Albínov,Trebišov,164
10,Alekšince,Nitra,1669
11,Andovce,Nové Zámky,1579
12,Andrejová,Bardejov,366
13,Ardanovce,Topoľčany,207
14,Ardovo,Rožňava,163
15,Arnutovce,Spišská Nová Ves,809
16,Báb,Nitra,1115
17,Babie,Vranov nad Topľou,236
18,Babín,Námestovo,1442
19,Babiná,Zvolen,550
20,Babindol,Nitra,808
21,Babinec,Rimavská Sobota,60
22,Bacúch,Brezno,911
23,Bacúrov,Zvolen,165
24,Báč,Dunajská Streda,551
25,Bačka,Trebišov,638
26,Bačkov,Trebišov,719
27,Bačkovík,Košice-okolie,585
28,Baďan,Banská Štiavnica,172
29,Bádice,Nitra,376
30,Badín,Banská Bystrica,2028
31,Báhoň,Pezinok,1856
32,Bajany,Michalovce,466
33,Bajč,Komárno,1222
34,Bajerov,Prešov,439
35,Bajerovce,Sabinov,290
36,Bajka,Levice,330
37,Bajtava,Nové Zámky,401
38,Baka,Dunajská Streda,1095
39,Baláže,Banská Bystrica,218
40,Baldovce,Levoča,169
41,Balog nad Ipľom,Veľký Krtíš,788
42,Baloň,Dunajská Streda,727
43,Baňa,Stropkov,187
44,Banka,Piešťany,2060
45,Bánov,Nové Zámky,3703
46,Bánová,Žilina,1871
47,Bánovce nad Bebravou,Bánovce nad Bebravou,17750
48,Bánovce nad Ondavou,Michalovce,724
49,Banská Belá,Banská Štiavnica,1172
50,Banská Bystrica,Banská Bystrica,78084
51,Banská Hodruša,Žarnovica,2165
52,Banská Štiavnica,Banská Štiavnica,10004
53,Banské,Vranov nad Topľou,1909
54,Banský Studenec,Banská Štiavnica,467
55,Bara,Trebišov,279
56,Barca,Rimavská Sobota,611
57,Bardejov,Bardejov,32293
58,Bardoňovo,Nové Zámky,687
59,Bartošova Lehôtka,Žiar nad Hronom,352
60,Bartošovce,Bardejov,729
61,Baška,Košice-okolie,675
62,Baškovce,Humenné,404
63,Baškovce,Sobrance,238
64,Bašovce,Piešťany,342
65,Batizovce,Poprad,2481
66,Bátka,Rimavská Sobota,874
67,Bátorová,Veľký Krtíš,372
68,Bátorove Kosihy,Komárno,3335
69,Bátovce,Levice,1174
70,Bečov,Banská Bystrica,1575
71,Beharovce,Levoča,159
72,Becherov,Bardejov,287
73,Belá,Žilina,3380
74,Belá,Nové Zámky,316
75,Belá nad Cirochou,Snina,3399
76,Beladice,Zlaté Moravce,1689
77,Belejovce,Svidník,15
78,Belín,Rimavská Sobota,190
79,Belince,Topoľčany,349
80,Bellova Ves,Dunajská Streda,326
81,Beloveža,Bardejov,784
82,Beluj,Banská Štiavnica,135
83,Beluša,Púchov,5947
84,Belža,Košice-okolie,423
85,Beňadiková,Liptovský Mikuláš,536
86,Beňadikovce,Svidník,201
87,Beňadovo,Námestovo,895
88,Beňatina,Sobrance,185
89,Beniakovce,Košice-okolie,760
90,Benice,Martin,356
91,Benkovce,Vranov nad Topľou,551
92,Beňuš,Brezno,1170
93,Bernolákovo,Senec,8194
94,Bertotovce,Prešov,507
95,Beša,Michalovce,369
96,Beša,Levice,639
97,Bešeňov,Nové Zámky,1619
98,Bešeňová,Ružomberok,773
99,Betlanovce,Spišská Nová Ves,736
100,Betliar,Rožňava,942
101,Bežovce,Sobrance,977
102,Bidovce,Košice-okolie,1609
103,Biel,Trebišov,1369
104,Bielovce,Levice,227
105,Biely Kostol,Trnava,2254
106,Bijacovce,Levoča,958
107,Bílkove Humence,Senica,205
108,Bíňa,Nové Zámky,1436
109,Bíňovce,Trnava,677
110,Biskupice,Lučenec,1145
111,Biskupová,Topoľčany,235
112,Bitarová,Žilina,768
113,Blahová,Dunajská Streda,356
114,Blatná na Ostrove,Dunajská Streda,935
115,Blatná Polianka,Sobrance,163
116,Blatné,Senec,1801
117,Blatné Remety,Sobrance,695
118,Blatné Revištia,Sobrance,187
119,Blažice,Košice-okolie,639
120,Blažovce,Turčianske Teplice,165
121,Blesovce,Topoľčany,339
122,Blhovce,Rimavská Sobota,792
123,Bobot,Trenčín,772
124,Bobrov,Námestovo,1888
125,Bobrovček,Liptovský Mikuláš,176
126,Bobrovník,Liptovský Mikuláš,135
127,Bočiar,Košice-okolie,258
128,Bodíky,Dunajská Streda,273
129,Bodiná,Považská Bystrica,494
130,Bodorová,Turčianske Teplice,234
131,Bodovce,Sabinov,355
132,Bodružal,Svidník,63
133,Bodza,Komárno,378
134,Bodzianske Lúky,Komárno,188
135,Bogliarka,Bardejov,106
136,Bohdanovce,Košice-okolie,1132
137,Bohdanovce nad Trnavou,Trnava,1487
138,Boheľov,Dunajská Streda,353
139,Bohunice,Ilava,799
140,Bohunice,Levice,143
141,Bohúňovo,Rožňava,286
142,Bojná,Topoľčany,2030
143,Bojnice,Prievidza,4992
144,Bojničky,Hlohovec,1419
145,Boľ,Trebišov,760
146,Boldog,Senec,474
147,Boleráz,Trnava,2385
148,Bolešov,Ilava,1556
149,Boliarov,Košice-okolie,945
150,Boľkovce,Lučenec,622
151,Borcová,Turčianske Teplice,143
152,Borčany,Bánovce nad Bebravou,259
153,Borčice,Ilava,655
154,Borinka,Malacky,821
155,Borová,Trnava,457
156,Borovce,Piešťany,1062
157,Borský Mikuláš,Senica,3999
158,Borský Svätý Jur,Senica,1634
159,Borša,Trebišov,1125
160,Bory,Levice,314
161,Bošáca,Nové Mesto nad Váhom,1404
162,Bošany,Partizánske,4123
163,Boťany,Trebišov,1224
164,Bottovo,Rimavská Sobota,195
165,Bôrka,Rožňava,595
166,Bracovce,Michalovce,935
167,Branč,Nitra,2221
168,Branovo,Nové Zámky,575
169,Bratislava,Bratislava I,437725
170,Bratislava - Čunovo,Bratislava V,1532
171,Bratislava - Devín,Bratislava IV,1679
172,Bratislava - Dúbravka,Bratislava IV,33665
173,Bratislava - Jarovce,Bratislava V,2500
174,Bratislava - Karlova Ves,Bratislava IV,33350
175,Bratislava - Lamač,Bratislava IV,7313
176,Bratislava - Nové Mesto,Bratislava III,39618
177,Bratislava - Petržalka,Bratislava V,104174
178,Bratislava - Podunajské Biskupice,Bratislava II,22231
179,Bratislava - Rača,Bratislava III,23904
180,Bratislava - Rusovce,Bratislava V,4133
181,Bratislava - Ružinov,Bratislava II,73872
182,Bratislava - Vajnory,Bratislava III,5957
183,Bratislava - Vrakuňa,Bratislava II,20120
184,Bratislava - Záhorská Bystrica,Bratislava IV,6014
185,Braväcovo,Brezno,688
186,Brdárka,Rožňava,63
187,Brehov,Trebišov,599
188,Brehy,Žarnovica,1040
189,Brestov,Humenné,625
190,Brestov,Prešov,448
191,Brestov nad Laborcom,Medzilaborce,102
192,Brestovany,Trnava,2655
193,Brestovec,Myjava,998
194,Brestovec,Komárno,475
195,Bretejovce,Prešov,427
196,Bretka,Rožňava,395
197,Breza,Námestovo,1631
198,Brezany,Žilina,651
199,Brezany,Prievidza,651
200,Brezina,Trebišov,649
201,Breziny,Zvolen,378
202,Breznica,Stropkov,840
203,Breznička,Stropkov,122
204,Breznička,Poltár,743
205,Brezno,Brezno,20889
206,Brezolupy,Bánovce nad Bebravou,522
207,Brezov,Bardejov,368
208,Brezová pod Bradlom,Myjava,4768
209,Brezovec,Snina,42
210,Brezovica,Tvrdošín,1347
211,Brezovica,Sabinov,1716
212,Brezovička,Sabinov,411
213,Brezovka,Bardejov,113
214,Brežany,Prešov,190
215,Brhlovce,Levice,309
216,Brieštie,Turčianske Teplice,134
217,Brodno,Žilina,1316
218,Brodské,Skalica,2277
219,Brodzany,Partizánske,869
220,Brunovce,Nové Mesto nad Váhom,572
221,Brusnica,Stropkov,392
222,Brusník,Veľký Krtíš,119
223,Brutovce,Levoča,157
224,Bruty,Nové Zámky,592
225,Brvnište,Považská Bystrica,1218
226,Brzotín,Rožňava,1368
227,Buclovany,Bardejov,199
228,Búč,Komárno,1104
229,Bučany,Trnava,2362
230,Budatín,Žilina,1788
231,Budča,Zvolen,1341
232,Budikovany,Rimavská Sobota,59
233,Budimír,Košice-okolie,1249
234,Budiná,Lučenec,224
235,Budince,Michalovce,228
236,Budiš,Turčianske Teplice,196
237,Budkovce,Michalovce,1526
238,Budmerice,Pezinok,2406
239,Buglovce,Levoča,284
240,Buková,Trnava,655
241,Bukovce,Stropkov,529
242,Bukovec,Košice-okolie,834
243,Bukovec,Myjava,454
244,Bukovina,Liptovský Mikuláš,97
245,Bulhary,Lučenec,311
246,Bunde,Prešov,1306
247,Bunetice,Košice-okolie,92
248,Bunkovce,Sobrance,367
249,Bušince,Veľký Krtíš,1416
250,Bušovce,Kežmarok,301
251,Buzica,Košice-okolie,1217
252,Buzitka,Lučenec,503
253,Bystrá,Stropkov,23
254,Bystrá,Brezno,181
255,Bystrany,Spišská Nová Ves,3666
256,Bystré,Vranov nad Topľou,2698
257,Bystričany,Prievidza,1805
258,Bystrička,Martin,1479
259,Bytča,Bytča,11363
260,Bytčica,Žilina,2046
261,Bzenica,Žiar nad Hronom,604
262,Bzenov,Prešov,772
263,Bzince pod Javorinou,Nové Mesto nad Váhom,2110
264,Bziny,Dolný Kubín,582
265,Bzovík,Krupina,1165
266,Bzovská Lehôtka,Zvolen,130
267,Bžany,Stropkov,199
268,Cabov,Vranov nad Topľou,386
269,Cakov,Rimavská Sobota,335
270,Cejkov,Trebišov,1176
271,Cernina,Svidník,581
272,Cerová,Senica,1133
273,Cerovo,Krupina,591
274,Cestice,Košice-okolie,844
275,Cífer,Trnava,4370
276,Cigeľ,Prievidza,1258
277,Cigla,Svidník,68
278,Cimenná,Bánovce nad Bebravou,100
279,Cinobaňa,Poltár,2217
280,Čab,Nitra,798
281,Čabalovce,Medzilaborce,342
282,Čabiny,Medzilaborce,326
283,Čabradský Vrbovok,Krupina,232
284,Čadca,Čadca,23941
285,Čachtice,Nové Mesto nad Váhom,3905
286,Čajakovo,Levice,1476
287,Čajkov,Levice,948
288,Čaka,Levice,733
289,Čakajovce,Nitra,1161
290,Čakanovce,Košice-okolie,703
291,Čakanovce,Lučenec,1167
292,Čakany,Dunajská Streda,646
293,Čaklov,Vranov nad Topľou,2704
294,Čalovec,Komárno,1161
295,Čamovce,Lučenec,603
296,Čaňa,Košice-okolie,6056
297,Čaradice,Zlaté Moravce,490
298,Čáry,Senica,1301
299,Častá,Pezinok,2305
300,Častkov,Senica,571
301,Častkovce,Nové Mesto nad Váhom,1597
302,Čata,Levice,972
303,Čataj,Senec,1182
304,Čavoj,Prievidza,491
305,Čebovce,Veľký Krtíš,1083
306,Čečehov,Michalovce,385
307,Čečejovce,Košice-okolie,2157
308,Čechy,Nové Zámky,308
309,Čechynce,Nitra,1259
310,Čekovce,Krupina,451
311,Čeľadice,Nitra,1034
312,Čeľadince,Topoľčany,448
313,Čeláre,Veľký Krtíš,443
314,Čelkova Lehota,Považská Bystrica,146
315,Čelovce,Prešov,357
316,Čelovce,Veľký Krtíš,427
317,Čeľovce,Trebišov,554
318,Čemerné,Vranov nad Topľou,22245
319,Čenkovce,Dunajská Streda,1098
320,Čereňany,Prievidza,1730
321,Čerenčany,Rimavská Sobota,571
322,Čerhov,Trebišov,725
323,Čerín,Banská Bystrica,438
324,Čermany,Topoľčany,362
325,Černík,Nové Zámky,1045
326,Černina,Humenné,170
327,Černochov,Trebišov,193
328,Čertižné,Medzilaborce,334
329,Červená Voda,Sabinov,506
330,Červeňany,Revúca,44
331,Červeňany,Veľký Krtíš,44
332,Červenica,Prešov,1006
333,Červenica pri Sabinove,Sabinov,927
334,Červeník,Hlohovec,1709
335,Červený Hrádok,Zlaté Moravce,400
336,Červený Kameň,Ilava,686
337,Červený Kláštor,Kežmarok,223
338,České Brezovo,Poltár,464
339,Čičarovce,Michalovce,883
340,Čičmany,Žilina,123
341,Číčov,Komárno,1244
342,Čierna,Trebišov,458
343,Čierna Lehota,Rožňava,640
344,Čierna Lehota,Bánovce nad Bebravou,118
345,Čierna nad Tisou,Trebišov,3619
346,Čierna Voda,Galanta,1407
347,Čierne,Bytča,4453
348,Čierne,Čadca,4453
349,Čierne,Čadca,4453
350,Čierne Kľačany,Zlaté Moravce,1174
351,Čierne nad Topľou,Vranov nad Topľou,727
352,Čierne Pole,Michalovce,355
353,Čierny Balog,Brezno,5090
354,Čierny Brod,Galanta,1645
355,Čierny Potok,Rimavská Sobota,130
356,Čifáre,Nitra,591
357,Čiližská Radvaň,Dunajská Streda,1169
358,Čimhová,Tvrdošín,679
359,Čirč,Stará Ľubovňa,1321
360,Číž,Rimavská Sobota,682
361,Čižatice,Košice-okolie,411
362,Čoltovo,Rožňava,479
363,Čremošné,Turčianske Teplice,82
364,Čučma,Rožňava,609
365,Čukalovce,Snina,160
366,Ďačov,Sabinov,731
367,Dačov Lom,Veľký Krtíš,414
368,Daletice,Sabinov,97
369,Danišovce,Spišská Nová Ves,567
370,Ďanová,Martin,562
371,Ďapalovce,Vranov nad Topľou,444
372,Dargov,Trebišov,596
373,Davidov,Vranov nad Topľou,800
374,Debraď,Košice-okolie,402
375,Dedačov,Humenné,159
376,Dedina Mládeže,Komárno,448
377,Dedinka,Nové Zámky,670
378,Dedinky,Rožňava,239
379,Dechtice,Trnava,1837
380,Dekýš,Banská Štiavnica,192
381,Demandice,Levice,973
382,Demänovská Dolina,Liptovský Mikuláš,314
383,Demjata,Prešov,1092
384,Detrík,Vranov nad Topľou,57
385,Detva,Detva,14545
386,Detvianska Huta,Detva,677
387,Devičany,Levice,380
388,Devičie,Krupina,299
389,Dežerice,Bánovce nad Bebravou,1018
390,Diakovce,Šaľa,2291
391,Diviacka Nová Ves,Prievidza,1801
392,Diviaky nad Nitricou,Prievidza,1743
393,Divín,Lučenec,2073
394,Divinka,Žilina,1030
395,Dlhá,Trnava,444
396,Dlhá nad Kysucou,Čadca,612
397,Dlhá nad Oravou,Dolný Kubín,1438
398,Dlhá nad Váhom,Šaľa,901
399,Dlhá Ves,Rožňava,534
400,Dlhé Klčovo,Vranov nad Topľou,1393
401,Dlhé nad Cirochou,Snina,1921
402,Dlhé Pole,Žilina,1898
403,Dlhé Stráže,Levoča,596
404,Dlhoňa,Svidník,92
405,Dlžín,Prievidza,146
406,Dobrá,Trebišov,491
407,Dobrá Voda,Trnava,790
408,Dobroč,Brezno,607
409,Dobroč,Lučenec,607
410,Dobrohošť,Dunajská Streda,515
411,Dobšiná,Rožňava,5685
412,Dohňany,Púchov,1868
413,Dojč,Senica,1270
414,Doľany,Levoča,778
415,Doľany,Pezinok,1066
416,Dolinka,Veľký Krtíš,493
417,Dolná Breznica,Púchov,998
418,Dolná Krupá,Trnava,2383
419,Dolná Lehota,Brezno,721
420,Dolná Mariková,Považská Bystrica,1428
421,Dolná Mičiná,Banská Bystrica,435
422,Dolná Poruba,Trenčín,799
423,Dolná Seč,Levice,517
424,Dolná Streda,Galanta,1623
425,Dolná Strehová,Veľký Krtíš,1038
426,Dolná Súča,Trenčín,3080
427,Dolná Tižina,Žilina,1432
428,Dolná Trnávka,Žiar nad Hronom,339
429,Dolná Ves,Žiar nad Hronom,226
430,Dolná Ždaňa,Žiar nad Hronom,877
431,Dolné Dubové,Trnava,737
432,Dolné Hámre,Žarnovica,2165
433,Dolné Kočkovce,Púchov,1218
434,Dolné Lefantovce,Nitra,703
435,Dolné Lovčice,Trnava,752
436,Dolné Mladonice,Krupina,128
437,Dolné Naštice,Bánovce nad Bebravou,574
438,Dolné Obdokovce,Nitra,1184
439,Dolné Orešany,Trnava,1345
440,Dolné Otrokovce,Hlohovec,390
441,Dolné Plachtince,Veľký Krtíš,625
442,Dolné Saliby,Galanta,2012
443,Dolné Semerovce,Levice,557
444,Dolné Srnie,Nové Mesto nad Váhom,987
445,Dolné Strháre,Veľký Krtíš,191
446,Dolné Trhovište,Hlohovec,651
447,Dolné Vestenice,Prievidza,2560
448,Dolné Zahorany,Rimavská Sobota,182
449,Dolné Zelenice,Hlohovec,590
450,Dolný Badín,Krupina,248
451,Dolný Bar,Dunajská Streda,783
452,Dolný Harmanec,Banská Bystrica,263
453,Dolný Hričov,Žilina,1618
454,Dolný Chotár,Galanta,378
455,Dolný Kalník,Martin,293
456,Dolný Kubín,Dolný Kubín,18665
457,Dolný Lieskov,Považská Bystrica,836
458,Dolný Lopašov,Piešťany,964
459,Dolný Ohaj,Nové Zámky,1547
460,Dolný Pial,Levice,917
461,Dolný Smokovec,Poprad,759
462,Dolný Štál,Dunajská Streda,1896
463,Dolný Vadičov,Kysucké Nové Mesto,482
464,Domadice,Levice,235
465,Domaníky,Krupina,190
466,Domaniža,Považská Bystrica,1631
467,Domaňovce,Levoča,926
468,Donovaly,Banská Bystrica,255
469,Dovalovo,Liptovský Mikuláš,1002
470,Drábsko,Brezno,194
471,Drahňov,Michalovce,1558
472,Drahovce,Piešťany,2575
473,Dravce,Levoča,834
474,Dražice,Rimavská Sobota,274
475,Dražkovce,Martin,1060
476,Drážovce,Krupina,134
477,Drienčany,Rimavská Sobota,242
478,Drienica,Sabinov,753
479,Drienov,Prešov,2242
480,Drienovec,Košice-okolie,2363
481,Drienovo,Krupina,109
482,Drienovská Nová Ves,Prešov,834
483,Drietoma,Trenčín,2271
484,Drňa,Rimavská Sobota,213
485,Drnava,Rožňava,713
486,Drnava,Veľký Krtíš,713
487,Družstevná pri Hornáde,Košice-okolie,2813
488,Drženice,Levice,378
489,Držkovce,Revúca,577
490,Ďubákovo,Poltár,82
491,Dubinné,Bardejov,352
492,Dubnica nad Váhom,Ilava,23550
493,Dubník,Nové Zámky,1606
494,Dubno,Rimavská Sobota,157
495,Dubodiel,Trenčín,954
496,Dubová,Svidník,210
497,Dubová,Pezinok,1128
498,Dubovany,Piešťany,1045
499,Dubovce,Skalica,622
500,Dubové,Turčianske Teplice,705
501,Dubové,Zvolen,298
502,Dubovec,Rimavská Sobota,533
503,Dubovica,Sabinov,1457
504,Dúbrava,Liptovský Mikuláš,1219
505,Dúbrava,Levoča,313
506,Dúbrava,Snina,220
507,Dúbravica,Banská Bystrica,420
508,Dúbravka,Michalovce,682
509,Dúbravy,Detva,949
510,Ducové,Piešťany,459
511,Dudince,Krupina,1395
512,Dukovce,Svidník,278
513,Dulov,Ilava,925
514,Dulova Ves,Prešov,1380
515,Dulovce,Komárno,1685
516,Dulovo,Rimavská Sobota,261
517,Dunajov,Čadca,1158
518,Dunajská Lužná,Senec,7117
519,Dunajská Streda,Dunajská Streda,22684
520,Dunajský Klátov,Dunajská Streda,716
521,Duplín,Stropkov,545
522,Ďurčiná,Žilina,1098
523,Ďurďoš,Vranov nad Topľou,259
524,Ďurďošík,Košice-okolie,652
525,Ďurďové,Považská Bystrica,144
526,Ďurkov,Košice-okolie,1905
527,Ďurkovce,Veľký Krtíš,130
528,Dvorany nad Nitrou,Topoľčany,785
529,Dvorec,Bánovce nad Bebravou,442
530,Dvorianky,Trebišov,664
531,Dvorníky,Košice-okolie,2063
532,Dvorníky,Hlohovec,2063
533,Dvorníky,Krupina,2063
534,Dvory nad Žitavou,Nové Zámky,5044
535,Egreš,Trebišov,487
536,Eliášovce,Dunajská Streda,2239
537,Fačkov,Žilina,641
538,Falkušovce,Michalovce,657
539,Farná,Levice,1345
540,Fekišovce,Sobrance,309
541,Figa,Rimavská Sobota,459
542,Fijaš,Svidník,150
543,Fiľakovo,Lučenec,10568
544,Fiľakovské Kováče,Lučenec,924
545,Fintice,Prešov,2115
546,Folkušová,Martin,144
547,Forbasy,Stará Ľubovňa,456
548,Frička,Bardejov,342
549,Fričkovce,Bardejov,735
550,Fričovce,Prešov,1152
551,Fulianka,Prešov,385
552,Gabčíkovo,Dunajská Streda,5473
553,Gaboltov,Bardejov,479
554,Gajary,Malacky,3046
555,Galanta,Galanta,14990
556,Galovany,Liptovský Mikuláš,310
557,Gáň,Galanta,856
558,Gánovce,Poprad,1397
559,Gbeľany,Žilina,1425
560,Gbelce,Nové Zámky,2156
561,Gbely,Skalica,5073
562,Geča,Košice-okolie,1829
563,Gelnica,Gelnica,6047
564,Gemer,Revúca,898
565,Gemerček,Rimavská Sobota,94
566,Gemerská Hôrka,Rožňava,1305
567,Gemerská Panica,Rožňava,619
568,Gemerská Poloma,Rožňava,2003
569,Gemerská Ves,Revúca,1005
570,Gemerské Dechtáre,Rimavská Sobota,439
571,Gemerské Michalovce,Rimavská Sobota,92
572,Gemerské Teplice,Revúca,362
573,Gemerský Jablonec,Rimavská Sobota,704
574,Gemerský Sad,Revúca,300
575,Geraltov,Prešov,121
576,Gerlachov,Poprad,852
577,Gerlachov,Bardejov,1069
578,Giglovce,Vranov nad Topľou,140
579,Giraltovce,Svidník,4089
580,Girovce,Vranov nad Topľou,56
581,Glabušovce,Veľký Krtíš,121
582,Gočaltovo,Rožňava,232
583,Gočovo,Rožňava,331
584,Golianovo,Nitra,1850
585,Gondovo,Levice,1470
586,Gôtovany,Liptovský Mikuláš,474
587,Gregorova Vieska,Lučenec,141
588,Gregorovce,Prešov,867
589,Gregorovce,Revúca,867
590,Gribov,Stropkov,192
591,Gruzovce,Humenné,132
592,Gyňov,Košice-okolie,688
593,Habovka,Tvrdošín,1382
594,Habura,Medzilaborce,490
595,Hačava,Košice-okolie,215
596,Hačava,Rimavská Sobota,215
597,Hadviga,Turčianske Teplice,1
598,Háj,Turčianske Teplice,483
599,Háj,Košice-okolie,275
600,Hajná Nová Ves,Topoľčany,332
601,Hajnáčka,Rimavská Sobota,1143
602,Hájske,Šaľa,1319
603,Hajtovka,Stará Ľubovňa,66
604,Haláčovce,Bánovce nad Bebravou,362
605,Halič,Lučenec,1659
606,Haligovce,Stará Ľubovňa,625
607,Haluzice,Nové Mesto nad Váhom,84
608,Hamuliakovo,Senec,2335
609,Handlová,Prievidza,16890
610,Hanigovce,Sabinov,129
611,Haniska,Košice-okolie,1546
612,Haniska,Prešov,715
613,Hanková,Rožňava,87
614,Hankovce,Humenné,500
615,Hankovce,Bardejov,436
616,Hanušovce nad Topľou,Vranov nad Topľou,3782
617,Harakovce,Levoča,58
618,Harhaj,Bardejov,268
619,Harichovce,Spišská Nová Ves,1858
620,Hatalov,Michalovce,746
621,Hatné,Považská Bystrica,631
622,Havaj,Stropkov,399
623,Havka,Kežmarok,35
624,Havranec,Svidník,13
625,Hažín,Michalovce,478
626,Hažín nad Cirochou,Humenné,675
627,Hažlín,Bardejov,1097
628,Helcmanovce,Gelnica,1424
629,Heľpa,Brezno,2550
630,Henckovce,Rožňava,420
631,Henclová,Gelnica,95
632,Hencovce,Vranov nad Topľou,1340
633,Hendrichovce,Prešov,255
634,Herľany,Košice-okolie,291
635,Hermanovce,Prešov,1974
636,Hermanovce nad Topľou,Vranov nad Topľou,694
637,Hertník,Bardejov,1043
638,Hervartov,Bardejov,517
639,Hiadeľ,Banská Bystrica,525
640,Hincovce,Spišská Nová Ves,238
641,Hladovka,Tvrdošín,1051
642,Hlboké,Považská Bystrica,940
643,Hlboké,Senica,940
644,Hlboké nad Váhom,Bytča,936
645,Hliník nad Hronom,Žiar nad Hronom,2812
646,Hlinné,Vranov nad Topľou,1869
647,Hlivištia,Sobrance,375
648,Hlohovec,Hlohovec,21301
649,Hniezdne,Stará Ľubovňa,1445
650,Hnilčík,Spišská Nová Ves,559
651,Hnojné,Michalovce,220
652,Hnúšťa,Rimavská Sobota,7411
653,Hodejov,Rimavská Sobota,1604
654,Hodejovec,Rimavská Sobota,178
655,Hodkovce,Košice-okolie,325
656,Hodkovce,Spišská Nová Ves,325
657,Hokovce,Levice,488
658,Holčíkovce,Vranov nad Topľou,415
659,Holiare,Komárno,483
660,Holice,Dunajská Streda,2088
661,Holíč,Skalica,11156
662,Holiša,Lučenec,660
663,Holumnica,Kežmarok,887
664,Honce,Rožňava,351
665,Hontianska Vrbica,Levice,603
666,Hontianske Moravce,Krupina,844
667,Hontianske Nemce,Krupina,1443
668,Hontianske Tesáre,Krupina,911
669,Hontianske Trsťany,Levice,317
670,Horňa,Sobrance,337
671,Horná Breznica,Púchov,504
672,Horná Kráľová,Šaľa,1891
673,Horná Krupá,Trnava,513
674,Horná Lehota,Dolný Kubín,550
675,Horná Lehota,Brezno,602
676,Horná Mariková,Považská Bystrica,575
677,Horná Mičiná,Banská Bystrica,628
678,Horná Poruba,Ilava,1074
679,Horná Potôň,Dunajská Streda,2112
680,Horná Seč,Levice,559
681,Horná Streda,Nové Mesto nad Váhom,1373
682,Horná Strehová,Veľký Krtíš,166
683,Horná Súča,Trenčín,3360
684,Horná Štubňa,Turčianske Teplice,1609
685,Horná Ves,Žiar nad Hronom,693
686,Horná Ves,Prievidza,1440
687,Horná Ždaňa,Žiar nad Hronom,537
688,Horňany,Trenčín,436
689,Horné Dubové,Trnava,385
690,Horné Hámre,Žarnovica,660
691,Horné Chlebany,Topoľčany,372
692,Horné Lefantovce,Nitra,894
693,Horné Mladonice,Krupina,188
694,Horné Mýto,Dunajská Streda,923
695,Horné Naštice,Bánovce nad Bebravou,491
696,Horné Obdokovce,Topoľčany,1490
697,Horné Orešany,Trnava,1939
698,Horné Otrokovce,Hlohovec,855
699,Horné Plachtince,Veľký Krtíš,205
700,Horné Pršany,Banská Bystrica,398
701,Horné Rykynčice,Krupina,268
702,Horné Saliby,Galanta,3282
703,Horné Semerovce,Levice,633
704,Horné Srnie,Trenčín,2749
705,Horné Strháre,Veľký Krtíš,257
706,Horné Štitáre,Topoľčany,571
707,Horné Trhovište,Hlohovec,605
708,Horné Turovce,Levice,567
709,Horné Vestenice,Prievidza,614
710,Horné Zahorany,Rimavská Sobota,119
711,Horné Zelenice,Hlohovec,704
712,Horný Badín,Krupina,180
713,Horný Bar,Dunajská Streda,1231
714,Horný Hričov,Žilina,789
715,Horný Kalník,Martin,189
716,Horný Lieskov,Považská Bystrica,418
717,Horný Pial,Levice,260
718,Horný Smokovec,Poprad,127
719,Horný Tisovník,Detva,178
720,Horný Vadičov,Kysucké Nové Mesto,1643
721,Horovce,Púchov,852
722,Horovce,Michalovce,857
723,Hoste,Galanta,445
724,Hostice,Rimavská Sobota,1079
725,Hostie,Zlaté Moravce,1205
726,Hostišovce,Rimavská Sobota,244
727,Hosťová,Nitra,389
728,Hosťovce,Košice-okolie,213
729,Hosťovce,Zlaté Moravce,757
730,Hostovice,Snina,279
731,Hozelec,Poprad,774
732,Hôrka,Poprad,2077
733,Hôrka nad Váhom,Nové Mesto nad Váhom,766
734,Hôrky,Žilina,842
735,Hrabičov,Žarnovica,569
736,Hrabkov,Prešov,686
737,Hrabová Roztoka,Snina,59
738,Hrabovčík,Svidník,343
739,Hrabové,Bytča,849
740,Hrabovec,Bardejov,511
741,Hrabovec nad Laborcom,Humenné,512
742,Hrabovka,Trenčín,418
743,Hrabské,Bardejov,606
744,Hrabušice,Spišská Nová Ves,2536
745,Hradisko,Kežmarok,98
746,Hradište,Partizánske,1008
747,Hradište,Poltár,241
748,Hradište pod Vrátnom,Senica,687
749,Hrádok,Nové Mesto nad Váhom,722
750,Hrachovište,Nové Mesto nad Váhom,705
751,Hrachovo,Rimavská Sobota,819
752,Hraň,Trebišov,1566
753,Hraničné,Stará Ľubovňa,188
754,Hranovnica,Poprad,3178
755,Hrašné,Myjava,486
756,Hrašovík,Košice-okolie,379
757,Hrčeľ,Trebišov,1095
758,Hrhov,Rožňava,1051
759,Hriadky,Trebišov,419
760,Hričovské Podhradie,Žilina,355
761,Hriňová,Detva,7415
762,Hrišovce,Gelnica,297
763,Hrkovce,Levice,291
764,Hrlica,Revúca,70
765,Hrnčiarovce nad Parnou,Trnava,2253
766,Hrnčiarska Ves,Poltár,945
767,Hrnčiarske Zalužany,Poltár,862
768,Hrochoť,Banská Bystrica,1472
769,Hromoš,Stará Ľubovňa,499
770,Hronec,Brezno,1201
771,Hronovce,Levice,1476
772,Hronsek,Banská Bystrica,654
773,Hronská Breznica,Zvolen,253
774,Hronská Dúbrava,Žiar nad Hronom,420
775,Hronské Kľačany,Levice,1401
776,Hronské Kosihy,Levice,696
777,Hronský Beňadik,Žarnovica,1144
778,Hrubá Borša,Senec,1172
779,Hruboňovo,Nitra,519
780,Hrubov,Humenné,482
781,Hrubý Šúr,Senec,1033
782,Hrušov,Rožňava,343
783,Hrušov,Veľký Krtíš,830
784,Hrušovany,Topoľčany,1121
785,Hrušovo,Rimavská Sobota,176
786,Hruštín,Námestovo,3125
787,Hubice,Dunajská Streda,624
788,Hubina,Piešťany,515
789,Hubošovce,Sabinov,532
790,Hubová,Ružomberok,1062
791,Hubovo,Rimavská Sobota,132
792,Hucín,Revúca,937
793,Hudcovce,Humenné,401
794,Hul,Nové Zámky,1197
795,Humenné,Humenné,32834
796,Huncovce,Kežmarok,3239
797,Hunkovce,Trebišov,340
798,Hunkovce,Svidník,340
799,Hurbanova Ves,Senec,414
800,Hurbanovo,Komárno,7397
801,Husák,Sobrance,166
802,Husiná,Rimavská Sobota,557
803,Hutka,Bardejov,99
804,Huty,Liptovský Mikuláš,156
805,Hviezdoslavov,Dunajská Streda,2155
806,Hvozdnica,Bytča,1201
807,Hybe,Liptovský Mikuláš,1454
808,Hýľov,Košice-okolie,506
809,Chanava,Rimavská Sobota,705
810,Chľaba,Nové Zámky,696
811,Chlebnice,Dolný Kubín,1618
812,Chlmec,Humenné,573
813,Chmeľnica,Stará Ľubovňa,993
814,Chmeľov,Prešov,1036
815,Chmeľová,Bardejov,373
816,Chmeľovec,Prešov,448
817,Chmiňany,Prešov,1002
818,Chminianska Nová Ves,Prešov,1306
819,Chminianske Jakubovany,Prešov,2551
820,Choča,Zlaté Moravce,489
821,Choňkovce,Sobrance,514
822,Chorvátsky Grob,Senec,6328
823,Chorváty,Košice-okolie,99
824,Chotča,Stropkov,633
825,Chotín,Komárno,1364
826,Chrabrany,Topoľčany,797
827,Chrámec,Rimavská Sobota,457
828,Chrasť nad Hornádom,Spišská Nová Ves,915
829,Chrastince,Veľký Krtíš,212
830,Chrastné,Košice-okolie,614
831,Chropov,Skalica,386
832,Chrťany,Veľký Krtíš,126
833,Chtelnica,Piešťany,2551
834,Chudá Lehota,Bánovce nad Bebravou,221
835,Chvalová,Revúca,199
836,Chvojnica,Myjava,339
837,Chvojnica,Prievidza,257
838,Chynorany,Partizánske,2726
839,Chyžné,Revúca,420
840,Igram,Senec,581
841,Ihľany,Kežmarok,1561
842,Ihráč,Žiar nad Hronom,514
843,Ilava,Ilava,5464
844,Iliašovce,Spišská Nová Ves,1000
845,Ilija,Banská Štiavnica,358
846,Imeľ,Komárno,1954
847,Iňa,Levice,226
848,Iňačovce,Michalovce,769
849,Inovce,Sobrance,203
850,Ipeľské Predmostie,Veľký Krtíš,617
851,Ipeľské Úľany,Levice,268
852,Ipeľský Sokolec,Levice,826
853,Istebné,Dolný Kubín,1371
854,Ivachnová,Ružomberok,655
855,Ivančiná,Turčianske Teplice,80
856,Ivanice,Rimavská Sobota,292
857,Ivanka pri Dunaji,Senec,6835
858,Ivanka pri Nitre,Nitra,2774
859,Ivanovce,Trenčín,999
860,Iža,Komárno,1703
861,Ižipovce,Liptovský Mikuláš,88
862,Ižkovce,Michalovce,90
863,Jabloň,Humenné,395
864,Jablonec,Pezinok,1022
865,Jablonica,Senica,2242
866,Jablonka,Myjava,480
867,Jablonov,Levoča,1008
868,Jablonov nad Turňou,Rožňava,736
869,Jabloňovce,Levice,210
870,Jablonové,Bytča,911
871,Jablonové,Malacky,1324
872,Jacovce,Topoľčany,1751
873,Jahodná,Dunajská Streda,1590
874,Jaklovce,Gelnica,1873
875,Jakovany,Sabinov,338
876,Jakubany,Stará Ľubovňa,2846
877,Jakubov,Malacky,1638
878,Jakubova Voľa,Sabinov,400
879,Jakubovany,Liptovský Mikuláš,367
880,Jakubovany,Sabinov,964
881,Jakušovce,Stropkov,42
882,Jalová,Snina,64
883,Jalovec,Liptovský Mikuláš,306
884,Jalovec,Prievidza,578
885,Jalšové,Hlohovec,487
886,Jalšovík,Krupina,184
887,Jamník,Liptovský Mikuláš,460
888,Jamník,Spišská Nová Ves,1203
889,Janice,Rimavská Sobota,308
890,Janík,Košice-okolie,634
891,Janíky,Dunajská Streda,926
892,Jankovce,Humenné,266
893,Janov,Prešov,327
894,Janova Lehota,Žiar nad Hronom,969
895,Janovce,Bardejov,462
896,Jánovce,Poprad,1708
897,Jánovce,Galanta,498
898,Janovík,Prešov,367
899,Jarabá,Brezno,41
900,Jarabina,Stará Ľubovňa,932
901,Jarok,Nitra,2036
902,Jarovnice,Sabinov,7027
903,Jasenica,Považská Bystrica,1149
904,Jasenie,Brezno,1167
905,Jasenov,Humenné,1193
906,Jasenov,Sobrance,289
907,Jasenová,Dolný Kubín,419
908,Jasenovce,Vranov nad Topľou,207
909,Jasenové,Žilina,617
910,Jasenovo,Turčianske Teplice,122
911,Jasenovo,Detva,122
912,Jaslovské Bohunice,Trnava,2354
913,Jasov,Košice-okolie,3695
914,Jasová,Nové Zámky,1133
915,Jastrabá,Žiar nad Hronom,534
916,Jastrabie pri Michalovciach,Michalovce,284
917,Jastrabie nad Topľou,Vranov nad Topľou,489
918,Jatov,Nové Zámky,725
919,Javorec,Senica,1464
920,Jedlinka,Bardejov,84
921,Jedľové Kostoľany,Zlaté Moravce,896
922,Jelenec,Nitra,2116
923,Jelka,Galanta,3982
924,Jelšovce,Nitra,994
925,Jenkovce,Sobrance,436
926,Jesenské,Levice,50
927,Jesenské,Rimavská Sobota,2283
928,Jestice,Rimavská Sobota,150
929,Ješkova Ves,Partizánske,504
930,Jezersko,Kežmarok,75
931,Jovice,Rožňava,744
932,Jovsa,Michalovce,827
933,Jur nad Hronom,Levice,961
934,Jurkova Voľa,Svidník,84
935,Jurová,Dunajská Streda,465
936,Jurské,Kežmarok,1299
937,Juskova Voľa,Vranov nad Topľou,296
938,Kačanov,Michalovce,474
939,Kajal,Galanta,1521
940,Kaľamenová,Turčianske Teplice,86
941,Kalameny,Ružomberok,452
942,Kaľava,Spišská Nová Ves,398
943,Kalinkovo,Senec,1410
944,Kalinov,Medzilaborce,262
945,Kalinovo,Poltár,2249
946,Kalná nad Hronom,Levice,2064
947,Kalná Roztoka,Snina,536
948,Kálnica,Nové Mesto nad Váhom,1060
949,Kalnište,Svidník,520
950,Kalonda,Lučenec,208
951,Kaloša,Rimavská Sobota,830
952,Kalša,Košice-okolie,741
953,Kaluža,Michalovce,424
954,Kamanová,Topoľčany,609
955,Kameňany,Revúca,874
956,Kamenec pod Vtáčnikom,Prievidza,1778
957,Kamenica,Sabinov,1806
958,Kamenica nad Cirochou,Humenné,2316
959,Kamenica nad Hronom,Nové Zámky,1314
960,Kameničany,Ilava,551
961,Kameničná,Komárno,1905
962,Kamenín,Nové Zámky,1457
963,Kamenná Poruba,Žilina,1848
964,Kamenná Poruba,Vranov nad Topľou,1490
965,Kamenné Kosihy,Veľký Krtíš,329
966,Kamenný Most,Nové Zámky,1064
967,Kamienka,Stará Ľubovňa,1359
968,Kamienka,Humenné,514
969,Kanianka,Prievidza,4009
970,Kapince,Nitra,187
971,Kapišová,Svidník,447
972,Kaplna,Senec,886
973,Kapušany,Prešov,2250
974,Kapušianske Kľačany,Michalovce,964
975,Karlová,Martin,107
976,Karná,Humenné,454
977,Kašov,Trebišov,294
978,Kátlovce,Trnava,1129
979,Kátov,Skalica,641
980,Kazimír,Trebišov,847
981,Kecerovce,Košice-okolie,3642
982,Kecerovský Lipovec,Košice-okolie,124
983,Kečkovce,Svidník,262
984,Kečovo,Rožňava,344
985,Kechnec,Košice-okolie,1193
986,Kendice,Prešov,2025
987,Kesovce,Rimavská Sobota,255
988,Keť,Levice,584
989,Kežmarok,Kežmarok,16346
990,Kežmarské Žľaby,Poprad,10
991,Kiarov,Veľký Krtíš,286
992,Kišovce,Poprad,2077
993,Kľačany,Hlohovec,1121
994,Kľačany,Topoľčany,1121
995,Kľačany,Žiar nad Hronom,1121
996,Kľače,Žilina,420
997,Kľačno,Prievidza,1077
998,Kľačno,Ružomberok,1077
999,Kladzany,Vranov nad Topľou,539
1000,Kľak,Žarnovica,183
1001,Klasov,Nitra,1383
1002,Kláštor pod Znievom,Martin,1667
1003,Klátova Nová Ves,Partizánske,1669
1004,Klčov,Levoča,633
1005,Kleňany,Veľký Krtíš,268
1006,Klenov,Prešov,235
1007,Klenová,Snina,503
1008,Klenovec,Rimavská Sobota,3159
1009,Klieština,Považská Bystrica,342
1010,Klin,Námestovo,2468
1011,Klin nad Bodrogom,Trebišov,199
1012,Klížska Nemá,Komárno,457
1013,Klokoč,Detva,495
1014,Klokočov,Čadca,2283
1015,Klokočov,Michalovce,434
1016,Klubina,Čadca,535
1017,Kľúčovec,Dunajská Streda,366
1018,Kluknava,Gelnica,1555
1019,Kľušov,Bardejov,1116
1020,Kmeťovo,Nové Zámky,822
1021,Kobeliarovo,Rožňava,500
1022,Kobylnice,Svidník,95
1023,Kobyly,Bardejov,859
1024,Koceľovce,Rožňava,241
1025,Kociha,Rimavská Sobota,213
1026,Kocurany,Prievidza,523
1027,Kočovce,Nové Mesto nad Váhom,1625
1028,Kochanovce,Humenné,735
1029,Kochanovce,Bardejov,263
1030,Kojatice,Prešov,1144
1031,Kojšov,Gelnica,705
1032,Kokava nad Rimavicou,Poltár,2825
1033,Kokošovce,Prešov,907
1034,Kolačkov,Stará Ľubovňa,1366
1035,Kolačno,Partizánske,887
1036,Koláre,Veľký Krtíš,245
1037,Kolárovice,Bytča,1810
1038,Kolárovo,Komárno,10586
1039,Kolbasov,Snina,69
1040,Kolbovce,Stropkov,188
1041,Kolibabovce,Sobrance,188
1042,Kolíňany,Nitra,1549
1043,Kolinovce,Spišská Nová Ves,579
1044,Kolonica,Snina,556
1045,Kolta,Nové Zámky,1258
1046,Komárany,Vranov nad Topľou,502
1047,Komárno,Komárno,33751
1048,Komárno,Detva,33751
1049,Komárov,Bardejov,444
1050,Komjatice,Nové Zámky,4292
1051,Komjatná,Ružomberok,1552
1052,Komoča,Nové Zámky,960
1053,Koniarovce,Topoľčany,646
1054,Konrádovce,Rimavská Sobota,339
1055,Konská,Žilina,1582
1056,Konská,Liptovský Mikuláš,227
1057,Koňuš,Sobrance,342
1058,Kopčany,Skalica,2567
1059,Kopernica,Žiar nad Hronom,411
1060,Koplotovce,Hlohovec,769
1061,Koprivnica,Bardejov,669
1062,Kordíky,Banská Bystrica,474
1063,Korejovce,Svidník,80
1064,Korňa,Čadca,1981
1065,Koromľa,Sobrance,424
1066,Korunková,Stropkov,80
1067,Korytárky,Detva,963
1068,Korytné,Bytča,85
1069,Korytné,Levoča,85
1070,Kosihovce,Veľký Krtíš,574
1071,Kosihy nad Ipľom,Veľký Krtíš,390
1072,Kosorín,Žiar nad Hronom,468
1073,Kostoľany nad Hornádom,Košice-okolie,1245
1074,Kostoľany pod Tribečom,Zlaté Moravce,335
1075,Kostolec,Považská Bystrica,242
1076,Kostolište,Malacky,1649
1077,Kostolná pri Dunaji,Senec,735
1078,Kostolná Ves,Prievidza,474
1079,Kostolné,Myjava,577
1080,Kostolné Kračany,Dunajská Streda,1393
1081,Košariská,Myjava,431
1082,Košarovce,Humenné,623
1083,Košeca,Ilava,2737
1084,Košecké Podhradie,Ilava,1059
1085,Košice,Košice I,238593
1086,Košice - Barca,Košice IV,3756
1087,Košice - Džungľa,Košice I,721
1088,Košice - Juh,Košice IV,22693
1089,Košice - Kavečany,Košice I,1348
1090,Košice - Košická Nová Ves,Košice III,2883
1091,Košice - Krásna,Košice IV,5884
1092,Košice - Lorinčík,Košice II,811
1093,Košice - Luník IX,Košice II,6596
1094,Košice - Myslava,Košice II,2475
1095,Košice - Pereš,Košice II,2061
1096,Košice - Poľov,Košice II,1219
1097,Košice - Sever,Košice I,20151
1098,Košice - Sídlisko KVP,Košice II,23490
1099,Košice - Sídlisko Ťahanovce,Košice I,21936
1100,Košice - Staré Mesto,Košice I,20796
1101,Košice - Šaca,Košice II,5969
1102,Košice - Šebastovce,Košice IV,745
1103,Košice - Ťahanovce,Košice I,2532
1104,Košice - Vyšné Opátske,Košice IV,2623
1105,Košice - Západ,Košice II,39657
1106,Košická Belá,Košice-okolie,978
1107,Košická Polianka,Košice-okolie,1037
1108,Košické Oľšany,Košice-okolie,1334
1109,Košický Klečenov,Košice-okolie,290
1110,Koškovce,Humenné,580
1111,Košolná,Trnava,815
1112,Košťany nad Turcom,Martin,1340
1113,Košúty,Galanta,1765
1114,Kotešová,Bytča,2069
1115,Kotmanová,Lučenec,297
1116,Kotrčiná Lúčka,Žilina,545
1117,Kováčová,Rožňava,54
1118,Kováčová,Zvolen,1601
1119,Kováčovce,Veľký Krtíš,327
1120,Koválov,Senica,697
1121,Koválovec,Skalica,156
1122,Kovarce,Topoľčany,1592
1123,Kozárovce,Levice,2070
1124,Kozelník,Banská Štiavnica,164
1125,Kozí Vrbovok,Krupina,157
1126,Kožany,Bardejov,101
1127,Kožuchov,Trebišov,198
1128,Kožuchovce,Stropkov,57
1129,Kračúnovce,Svidník,1248
1130,Krahule,Žiar nad Hronom,276
1131,Krajná Bystrá,Svidník,466
1132,Krajná Poľana,Svidník,216
1133,Krajná Porúbka,Svidník,40
1134,Krajné,Myjava,1449
1135,Krajné Čierno,Svidník,74
1136,Krakovany,Piešťany,1462
1137,Kráľ,Rimavská Sobota,952
1138,Králiky,Banská Bystrica,686
1139,Kráľov Brod,Galanta,1765
1140,Kráľova Lehota,Liptovský Mikuláš,604
1141,Kráľová nad Váhom,Šaľa,1803
1142,Kráľová pri Senci,Senec,2114
1143,Kraľovany,Dolný Kubín,431
1144,Kráľovce,Košice-okolie,1181
1145,Kráľovce,Krupina,1181
1146,Kráľovičove Kračany,Dunajská Streda,1091
1147,Kráľovský Chlmec,Trebišov,7426
1148,Kraskovo,Rimavská Sobota,130
1149,Krásna Lúka,Sabinov,672
1150,Krásna Ves,Bánovce nad Bebravou,507
1151,Krasňany,Žilina,1645
1152,Krásno,Partizánske,473
1153,Krásno nad Kysucou,Čadca,6799
1154,Krásnohorská Dlhá Lúka,Rožňava,725
1155,Krásnohorské Podhradie,Rožňava,2746
1156,Krásnovce,Michalovce,632
1157,Krásny Brod,Medzilaborce,491
1158,Krásny Dub,Trenčín,3360
1159,Kravany,Poprad,897
1160,Kravany,Trebišov,366
1161,Kravany nad Dunajom,Komárno,710
1162,Krčava,Sobrance,402
1163,Kremná,Stará Ľubovňa,98
1164,Kremnica,Žiar nad Hronom,5258
1165,Kremnické Bane,Žiar nad Hronom,261
1166,Kristy,Sobrance,317
1167,Krišľovce,Stropkov,29
1168,Krišovská Liesková,Michalovce,935
1169,Krivá,Dolný Kubín,800
1170,Kriváň,Detva,1752
1171,Krivany,Sabinov,1242
1172,Krivé,Bardejov,211
1173,Krivoklát,Ilava,244
1174,Kríže,Bardejov,64
1175,Krížová Ves,Kežmarok,2280
1176,Krížovany,Prešov,370
1177,Križovany nad Dudváhom,Trnava,1806
1178,Krná,Poltár,52
1179,Krnča,Topoľčany,1335
1180,Krokava,Rimavská Sobota,26
1181,Krompachy,Spišská Nová Ves,8684
1182,Krpeľany,Martin,1067
1183,Krškany,Levice,778
1184,Krtovce,Topoľčany,305
1185,Kručov,Stropkov,209
1186,Krupina,Krupina,7912
1187,Krušetnica,Námestovo,961
1188,Krušinec,Stropkov,242
1189,Krušovce,Topoľčany,1675
1190,Kružlov,Bardejov,1008
1191,Kružlová,Svidník,700
1192,Kružná,Rožňava,479
1193,Kružno,Rimavská Sobota,367
1194,Kšinná,Bánovce nad Bebravou,493
1195,Kubáňovo,Levice,259
1196,Kučín,Bardejov,328
1197,Kučín,Vranov nad Topľou,555
1198,Kuchyňa,Malacky,1688
1199,Kuklov,Senica,795
1200,Kuková,Svidník,741
1201,Kukučínov,Levice,579
1202,Kunerad,Žilina,1029
1203,Kunešov,Žiar nad Hronom,208
1204,Kunova Teplica,Rožňava,717
1205,Kuraľany,Levice,492
1206,Kurima,Bardejov,1129
1207,Kurimany,Levoča,368
1208,Kurimka,Svidník,383
1209,Kurov,Bardejov,673
1210,Kusín,Michalovce,341
1211,Kútniky,Dunajská Streda,1430
1212,Kúty,Senica,3998
1213,Kuzmice,Trebišov,1705
1214,Kuzmice,Topoľčany,738
1215,Kvačany,Liptovský Mikuláš,538
1216,Kvačany,Prešov,290
1217,Kvakovce,Vranov nad Topľou,426
1218,Kvetoslavov,Dunajská Streda,1631
1219,Kyjatice,Rimavská Sobota,76
1220,Kyjov,Stará Ľubovňa,742
1221,Kynceľová,Banská Bystrica,374
1222,Kysak,Košice-okolie,1484
1223,Kysta,Trebišov,386
1224,Kysucké Nové Mesto,Kysucké Nové Mesto,14953
1225,Kysucký Lieskovec,Kysucké Nové Mesto,2352
1226,Láb,Malacky,1996
1227,Lackov,Krupina,102
1228,Lacková,Stará Ľubovňa,159
1229,Lackovce,Humenné,799
1230,Lačnov,Prešov,863
1231,Lada,Prešov,847
1232,Ladce,Ilava,2587
1233,Ladice,Zlaté Moravce,738
1234,Ladmovce,Trebišov,319
1235,Ladomerská Vieska,Žiar nad Hronom,805
1236,Ladomirov,Snina,255
1237,Ladomirová,Svidník,1056
1238,Ladzany,Krupina,263
1239,Lakšárska Nová Ves,Senica,1143
1240,Lančár,Piešťany,519
1241,Lascov,Bardejov,572
1242,Laskár,Martin,135
1243,Lastomír,Michalovce,1210
1244,Lastovce,Trebišov,1206
1245,Laškovce,Michalovce,698
1246,Látky,Detva,595
1247,Lazany,Prievidza,1708
1248,Lazisko,Liptovský Mikuláš,383
1249,Lazy pod Makytou,Púchov,1208
1250,Lažany,Prešov,176
1251,Lednické Rovne,Púchov,4011
1252,Legnava,Stará Ľubovňa,98
1253,Lehnice,Dunajská Streda,2851
1254,Lehota,Nitra,2212
1255,Lehota nad Rimavicou,Rimavská Sobota,282
1256,Lehota pod Vtáčnikom,Prievidza,3870
1257,Lehôtka,Lučenec,361
1258,Lehôtka pod Brehmi,Žiar nad Hronom,410
1259,Lechnica,Kežmarok,251
1260,Lekárovce,Sobrance,885
1261,Leľa,Nové Zámky,300
1262,Leles,Trebišov,1795
1263,Lemešany,Prešov,1952
1264,Lenartov,Bardejov,1162
1265,Lenartovce,Rimavská Sobota,552
1266,Lendak,Kežmarok,5352
1267,Lenka,Rimavská Sobota,191
1268,Lentvora,Lučenec,92
1269,Leopoldov,Hlohovec,4097
1270,Lesenice,Veľký Krtíš,496
1271,Lesíček,Prešov,419
1272,Lesné,Michalovce,442
1273,Lesnica,Stará Ľubovňa,487
1274,Leštiny,Dolný Kubín,267
1275,Letanovce,Spišská Nová Ves,2293
1276,Letničie,Skalica,511
1277,Leváre,Revúca,80
1278,Levkuška,Revúca,247
1279,Levoča,Levoča,14722
1280,Ležiachov,Martin,146
1281,Libichava,Bánovce nad Bebravou,140
1282,Licince,Revúca,799
1283,Ličartovce,Prešov,991
1284,Liesek,Tvrdošín,2978
1285,Lieskovany,Spišská Nová Ves,359
1286,Lieskovec,Humenné,446
1287,Lieskovec,Zvolen,1452
1288,Liešno,Turčianske Teplice,53
1289,Liešťany,Prievidza,1219
1290,Lietava,Žilina,1555
1291,Lietavská Lúčka,Žilina,1840
1292,Likavka,Ružomberok,3032
1293,Limbach,Pezinok,2254
1294,Lipany,Sabinov,6542
1295,Lipník,Prievidza,560
1296,Lipníky,Prešov,520
1297,Lipová,Bardejov,70
1298,Lipová,Nové Zámky,1516
1299,Lipovany,Lučenec,241
1300,Lipovce,Prešov,522
1301,Lipové,Komárno,145
1302,Lipovec,Martin,925
1303,Lipovec,Rimavská Sobota,99
1304,Lipovník,Rožňava,523
1305,Lipovník,Topoľčany,329
1306,Liptovská Anna,Liptovský Mikuláš,85
1307,Liptovská Kokava,Liptovský Mikuláš,967
1308,Liptovská Lúžna,Ružomberok,2783
1309,Liptovská Osada,Ružomberok,1634
1310,Liptovská Porúbka,Liptovský Mikuláš,1185
1311,Liptovská Sielnica,Liptovský Mikuláš,605
1312,Liptovská Štiavnica,Ružomberok,1269
1313,Liptovská Teplá,Ružomberok,1005
1314,Liptovská Teplička,Poprad,2462
1315,Liptovské Beharovce,Liptovský Mikuláš,78
1316,Liptovské Kľačany,Liptovský Mikuláš,378
1317,Liptovské Matiašovce,Liptovský Mikuláš,321
1318,Liptovské Revúce,Ružomberok,1513
1319,Liptovské Sliače,Ružomberok,3676
1320,Liptovský Hrádok,Liptovský Mikuláš,7397
1321,Liptovský Ján,Liptovský Mikuláš,1096
1322,Liptovský Michal,Ružomberok,308
1323,Liptovský Mikuláš,Liptovský Mikuláš,31000
1324,Liptovský Ondrej,Liptovský Mikuláš,615
1325,Liptovský Peter,Liptovský Mikuláš,1318
1326,Liptovský Trnovec,Liptovský Mikuláš,553
1327,Lisková,Ružomberok,2088
1328,Lišov,Krupina,217
1329,Litava,Krupina,760
1330,Litmanová,Stará Ľubovňa,642
1331,Livinské Opatovce,Partizánske,282
1332,Livov,Bardejov,72
1333,Livovská Huta,Bardejov,43
1334,Lodno,Kysucké Nové Mesto,983
1335,Lok,Levice,951
1336,Lokca,Námestovo,2392
1337,Lom nad Rimavicou,Brezno,250
1338,Lomná,Námestovo,940
1339,Lomné,Stropkov,235
1340,Lomnička,Stará Ľubovňa,3472
1341,Lontov,Levice,664
1342,Lopašov,Skalica,333
1343,Lopúchov,Bardejov,314
1344,Lošonec,Trnava,563
1345,Lovce,Zlaté Moravce,699
1346,Lovča,Žiar nad Hronom,682
1347,Lovinobaňa,Lučenec,2003
1348,Lozorno,Malacky,3056
1349,Ložín,Michalovce,821
1350,Ľubá,Nové Zámky,403
1351,Ľubeľa,Liptovský Mikuláš,1142
1352,Lubeník,Revúca,1281
1353,Ľubica,Kežmarok,4585
1354,Ľubietová,Banská Bystrica,1219
1355,Lubina,Nové Mesto nad Váhom,1449
1356,Ľubiša,Humenné,816
1357,Ľubochňa,Ružomberok,1053
1358,Ľuboriečka,Veľký Krtíš,152
1359,Ľubotice,Prešov,3602
1360,Ľubotín,Stará Ľubovňa,1355
1361,Ľubovec,Prešov,515
1362,Lúč na Ostrove,Dunajská Streda,689
1363,Lučatín,Banská Bystrica,666
1364,Lučenec,Lučenec,27739
1365,Lúčina,Prešov,164
1366,Lučivná,Poprad,971
1367,Lúčka,Rožňava,181
1368,Lúčka,Levoča,126
1369,Lúčka,Sabinov,697
1370,Lúčka,Svidník,520
1371,Lúčky,Ružomberok,1743
1372,Lúčky,Michalovce,598
1373,Lúčky,Žiar nad Hronom,187
1374,Lúčnica nad Žitavou,Nitra,929
1375,Ludanice,Topoľčany,1812
1376,Ľudovítová,Nitra,240
1377,Ludrová,Ružomberok,999
1378,Luhyňa,Trebišov,289
1379,Lukačovce,Humenné,445
1380,Lukáčovce,Nitra,1155
1381,Lukavica,Bardejov,374
1382,Lukavica,Zvolen,276
1383,Lukov,Bardejov,644
1384,Lukovištia,Rimavská Sobota,178
1385,Lúky,Púchov,923
1386,Lula,Levice,172
1387,Lupoč,Lučenec,218
1388,Lutila,Žiar nad Hronom,1421
1389,Ľutina,Sabinov,499
1390,Lutiše,Žilina,724
1391,Ľutov,Bánovce nad Bebravou,173
1392,Lužany,Topoľčany,210
1393,Lužany pri Topli,Svidník,257
1394,Lužianky,Nitra,2995
1395,Lysá pod Makytou,Púchov,2074
1396,Lysica,Žilina,851
1397,Macov,Dunajská Streda,407
1398,Mad,Dunajská Streda,572
1399,Madunice,Hlohovec,2271
1400,Magnezitovce,Revúca,454
1401,Machulince,Zlaté Moravce,1108
1402,Majcichov,Trnava,2158
1403,Majere,Kežmarok,121
1404,Majerovce,Vranov nad Topľou,445
1405,Makov,Čadca,1727
1406,Makovce,Stropkov,155
1407,Malá Čalomija,Veľký Krtíš,203
1408,Malá Čausa,Prievidza,707
1409,Malá Čierna,Žilina,345
1410,Malá Domaša,Vranov nad Topľou,595
1411,Malá Franková,Kežmarok,184
1412,Malá Hradná,Bánovce nad Bebravou,394
1413,Malá Ida,Košice-okolie,1741
1414,Malá Lehota,Žarnovica,831
1415,Malá Lehota,Prievidza,831
1416,Malá Lodina,Košice-okolie,190
1417,Malá Mača,Galanta,590
1418,Malá nad Hronom,Nové Zámky,392
1419,Malá Poľana,Stropkov,116
1420,Malá Tŕňa,Trebišov,371
1421,Malacky,Malacky,17467
1422,Malachov,Banská Bystrica,1106
1423,Málaš,Levice,471
1424,Malatiná,Dolný Kubín,824
1425,Malatíny,Liptovský Mikuláš,237
1426,Malcov,Bardejov,1622
1427,Malčice,Michalovce,1524
1428,Malé Borové,Liptovský Mikuláš,117
1429,Malé Dvorníky,Dunajská Streda,1156
1430,Malé Hoste,Bánovce nad Bebravou,393
1431,Malé Chyndice,Nitra,390
1432,Malé Kosihy,Nové Zámky,400
1433,Malé Kozmálovce,Levice,320
1434,Malé Kršteňany,Partizánske,542
1435,Malé Lednice,Považská Bystrica,500
1436,Malé Leváre,Malacky,1365
1437,Malé Ludince,Levice,166
1438,Malé Orvište,Piešťany,1224
1439,Malé Ozorovce,Trebišov,524
1440,Malé Raškovce,Michalovce,231
1441,Malé Ripňany,Topoľčany,557
1442,Malé Straciny,Veľký Krtíš,146
1443,Malé Trakany,Trebišov,1034
1444,Malé Uherce,Partizánske,770
1445,Malé Vozokany,Zlaté Moravce,315
1446,Malé Zálužie,Nitra,263
1447,Malé Zlievce,Veľký Krtíš,292
1448,Málinec,Poltár,1504
1449,Malinová,Prievidza,971
1450,Malinovo,Senec,3569
1451,Malužiná,Liptovský Mikuláš,230
1452,Malý Cetín,Nitra,438
1453,Malý Čepčín,Turčianske Teplice,548
1454,Malý Horeš,Trebišov,1098
1455,Malý Kamenec,Trebišov,426
1456,Malý Krtíš,Veľký Krtíš,518
1457,Malý Lapáš,Nitra,1074
1458,Malý Slavkov,Kežmarok,1103
1459,Malý Slivník,Prešov,997
1460,Malý Šariš,Prešov,1754
1461,Malženice,Trnava,1540
1462,Maňa,Nové Zámky,2025
1463,Mankovce,Zlaté Moravce,531
1464,Marcelová,Komárno,3714
1465,Margecany,Gelnica,1896
1466,Marhaň,Bardejov,964
1467,Marianka,Malacky,2196
1468,Markovce,Michalovce,1030
1469,Markuška,Rožňava,155
1470,Markušovce,Spišská Nová Ves,4606
1471,Martin nad Žitavou,Zlaté Moravce,535
1472,Martinček,Ružomberok,450
1473,Martinová,Rimavská Sobota,203
1474,Martovce,Komárno,679
1475,Maškovce,Humenné,52
1476,Matejovce nad Hornádom,Spišská Nová Ves,530
1477,Matiaška,Vranov nad Topľou,280
1478,Matiašovce,Kežmarok,821
1479,Matovce,Svidník,126
1480,Maťovské Vojkovce,Michalovce,636
1481,Matúškovo,Galanta,2256
1482,Matysová,Stará Ľubovňa,68
1483,Medovarce,Krupina,221
1484,Medvedie,Svidník,46
1485,Medveďov,Dunajská Streda,539
1486,Medzany,Prešov,936
1487,Medzev,Košice-okolie,4482
1488,Medzianky,Vranov nad Topľou,287
1489,Medzibrod,Banská Bystrica,1383
1490,Medzibrodie nad Oravou,Dolný Kubín,559
1491,Medzilaborce,Medzilaborce,6531
1492,Melek,Nitra,482
1493,Meliata,Rožňava,197
1494,Mengusovce,Poprad,718
1495,Merašice,Hlohovec,441
1496,Merník,Vranov nad Topľou,609
1497,Mestečko,Púchov,531
1498,Mestisko,Svidník,461
1499,Mičakovce,Svidník,136
1500,Mierovo,Dunajská Streda,447
1501,Miezgovce,Bánovce nad Bebravou,280
1502,Michajlov,Snina,86
1503,Michal na Ostrove,Dunajská Streda,1009
1504,Michal nad Žitavou,Nové Zámky,662
1505,Michaľany,Trebišov,1905
1506,Michalková,Zvolen,31
1507,Michalok,Vranov nad Topľou,283
1508,Michalová,Brezno,1358
1509,Michalovce,Michalovce,38776
1510,Miklušovce,Prešov,301
1511,Miková,Stropkov,131
1512,Mikulášová,Bardejov,126
1513,Mikušovce,Ilava,1009
1514,Mikušovce,Lučenec,277
1515,Milhosť,Košice-okolie,397
1516,Miloslavov,Senec,3469
1517,Milpoš,Sabinov,668
1518,Miňovce,Stropkov,338
1519,Mirkovce,Prešov,1366
1520,Miroľa,Svidník,54
1521,Mládzovo,Poltár,94
1522,Mlynárovce,Svidník,227
1523,Mlynčeky,Kežmarok,688
1524,Mlynky,Spišská Nová Ves,531
1525,Mníchova Lehota,Trenčín,1226
1526,Mníšek nad Hnilcom,Gelnica,1801
1527,Mníšek nad Popradom,Stará Ľubovňa,628
1528,Moča,Komárno,1122
1529,Močenok,Šaľa,4281
1530,Močiar,Banská Štiavnica,160
1531,Modra,Pezinok,9046
1532,Modra nad Cirochou,Humenné,995
1533,Modrany,Komárno,1340
1534,Modrová,Nové Mesto nad Váhom,488
1535,Modrovka,Nové Mesto nad Váhom,194
1536,Modrý Kameň,Veľký Krtíš,1624
1537,Mojmírovce,Nitra,2914
1538,Mojš,Žilina,1234
1539,Mojtín,Púchov,420
1540,Mojzesovo,Nové Zámky,1337
1541,Mokrá Lúka,Revúca,536
1542,Mokrance,Košice-okolie,1358
1543,Mokroluh,Bardejov,772
1544,Mokrý Háj,Skalica,722
1545,Moldava nad Bodvou,Košice-okolie,11307
1546,Moravany,Michalovce,1048
1547,Moravany nad Váhom,Piešťany,2461
1548,Moravské Lieskové,Nové Mesto nad Váhom,2562
1549,Moravský Svätý Ján,Senica,2161
1550,Most pri Bratislave,Senec,3716
1551,Moškovec,Turčianske Teplice,65
1552,Mošovce,Turčianske Teplice,1340
1553,Mošovce,Nové Mesto nad Váhom,1340
1554,Moštenica,Banská Bystrica,235
1555,Mošurov,Prešov,180
1556,Motešice,Trenčín,793
1557,Motyčky,Banská Bystrica,108
1558,Môlča,Banská Bystrica,371
1559,Mrázovce,Stropkov,82
1560,Mučín,Lučenec,788
1561,Mudroňovo,Komárno,128
1562,Mudrovce,Košice-okolie,68
1563,Muľa,Veľký Krtíš,360
1564,Muráň,Revúca,1230
1565,Muránska Dlhá Lúka,Revúca,901
1566,Muránska Huta,Revúca,188
1567,Muránska Lehota,Revúca,195
1568,Muránska Zdychava,Revúca,239
1569,Mútne,Námestovo,3068
1570,Mužla,Nové Zámky,1830
1571,Myslina,Humenné,572
1572,Mýtna,Lučenec,1198
1573,Mýtne Ludany,Levice,950
1574,Mýto pod Ďumbierom,Brezno,528
1575,Nacina Ves,Michalovce,1809
1576,Nadlice,Partizánske,599
1577,Ňagov,Medzilaborce,411
1578,Naháč,Trnava,405
1579,Nálepkovo,Gelnica,3509
1580,Námestovo,Námestovo,7784
1581,Nána,Nové Zámky,1230
1582,Nandraž,Revúca,284
1583,Ňárad,Dunajská Streda,625
1584,Necpaly,Martin,989
1585,Nedanovce,Partizánske,618
1586,Nedašovce,Bánovce nad Bebravou,448
1587,Neded,Šaľa,3223
1588,Nededza,Žilina,1052
1589,Nechválova Polianka,Humenné,63
1590,Nemce,Banská Bystrica,1161
1591,Nemcovce,Prešov,479
1592,Nemcovce,Bardejov,262
1593,Nemčice,Topoľčany,987
1594,Nemčiňany,Zlaté Moravce,671
1595,Nemecká,Brezno,1786
1596,Nemečky,Topoľčany,312
1597,Nemešany,Levoča,425
1598,Nemšová,Trenčín,6414
1599,Nenince,Veľký Krtíš,1346
1600,Neporadza,Trenčín,812
1601,Neporadza,Rimavská Sobota,241
1602,Nesluša,Kysucké Nové Mesto,3168
1603,Nesvady,Komárno,5049
1604,Neverice,Zlaté Moravce,720
1605,Nevidzany,Zlaté Moravce,572
1606,Nevidzany,Prievidza,293
1607,Nevoľné,Žiar nad Hronom,424
1608,Nezbudská Lúčka,Žilina,394
1609,Nimnica,Púchov,709
1610,Nitra,Nitra,76533
1611,Nitra nad Ipľom,Lučenec,377
1612,Nitrianska Blatnica,Topoľčany,1243
1613,Nitrianska Streda,Topoľčany,735
1614,Nitrianske Hrnčiarovce,Nitra,2108
1615,Nitrianske Pravno,Prievidza,3216
1616,Nitrianske Sučany,Prievidza,1185
1617,Nitriansky Hrádok,Nové Zámky,1100
1618,Nižná,Tvrdošín,4017
1619,Nižná,Piešťany,550
1620,Nižná Boca,Liptovský Mikuláš,163
1621,Nižná Hutka,Košice-okolie,614
1622,Nižná Jablonka,Humenné,161
1623,Nižná Jedľová,Svidník,101
1624,Nižná Kamenica,Košice-okolie,611
1625,Nižná Myšľa,Košice-okolie,1675
1626,Nižná Olšava,Stropkov,429
1627,Nižná Pisaná,Svidník,81
1628,Nižná Polianka,Bardejov,226
1629,Nižná Rybnica,Sobrance,415
1630,Nižná Sitnica,Humenné,312
1631,Nižná Slaná,Rožňava,1257
1632,Nižná Voľa,Bardejov,284
1633,Nižné Ladičkovce,Humenné,337
1634,Nižné Nemecké,Sobrance,333
1635,Nižné Repaše,Levoča,163
1636,Nižné Ružbachy,Stará Ľubovňa,635
1637,Nižný Čaj,Košice-okolie,265
1638,Nižný Hrabovec,Vranov nad Topľou,1660
1639,Nižný Hrušov,Vranov nad Topľou,1499
1640,Nižný Klátov,Košice-okolie,856
1641,Nižný Komárnik,Svidník,190
1642,Nižný Kručov,Vranov nad Topľou,396
1643,Nižný Lánec,Košice-okolie,460
1644,Nižný Mirošov,Svidník,271
1645,Nižný Orlík,Svidník,321
1646,Nižný Skálnik,Rimavská Sobota,184
1647,Nižný Slavkov,Sabinov,854
1648,Nižný Tvarožec,Bardejov,540
1649,Nižný Žipov,Trebišov,1451
1650,Nolčovo,Martin,257
1651,Norovce,Topoľčany,317
1652,Nová Baňa,Žarnovica,7314
1653,Nová Bašta,Rimavská Sobota,481
1654,Nová Bošáca,Nové Mesto nad Váhom,1059
1655,Nová Dedina,Levice,1470
1656,Nová Dedinka,Senec,2823
1657,Nová Dubnica,Ilava,11040
1658,Nová Kelča,Vranov nad Topľou,378
1659,Nová Lehota,Nové Mesto nad Váhom,205
1660,Nová Lesná,Poprad,1650
1661,Nová Ľubovňa,Stará Ľubovňa,2989
1662,Nová Polhora,Košice-okolie,490
1663,Nová Polianka,Svidník,69
1664,Nová Sedlica,Snina,259
1665,Nová Ves,Veľký Krtíš,426
1666,Nová Ves nad Váhom,Nové Mesto nad Váhom,560
1667,Nová Ves nad Žitavou,Nitra,1358
1668,Nová Vieska,Nové Zámky,690
1669,Nováčany,Košice-okolie,769
1670,Nováčany,Revúca,769
1671,Nováky,Prievidza,4203
1672,Nové Hony,Lučenec,176
1673,Nové Mesto nad Váhom,Nové Mesto nad Váhom,20071
1674,Nové Sady,Nitra,1280
1675,Nové Zámky,Nové Zámky,37512
1676,Novosad,Trebišov,1000
1677,Novoť,Námestovo,3683
1678,Nový Ruskov,Trebišov,678
1679,Nový Sad,Lučenec,341625
1680,Nový Salaš,Košice-okolie,223
1681,Nový Smokovec,Poprad,495
1682,Nový Svet,Senec,89
1683,Nový Svet,Detva,89
1684,Nový Tekov,Levice,863
1685,Nový Život,Dunajská Streda,2239
1686,Nýrovce,Levice,499
1687,Obeckov,Veľký Krtíš,449
1688,Obid,Nové Zámky,1166
1689,Obišovce,Košice-okolie,481
1690,Oborín,Michalovce,731
1691,Obručné,Stará Ľubovňa,29
1692,Obyce,Zlaté Moravce,1501
1693,Očkov,Nové Mesto nad Váhom,478
1694,Očová,Zvolen,2600
1695,Odorín,Spišská Nová Ves,979
1696,Ohrady,Dunajská Streda,1347
1697,Ohradzany,Humenné,639
1698,Ochodnica,Kysucké Nové Mesto,1922
1699,Ochtiná,Rožňava,556
1700,Okoč,Dunajská Streda,3552
1701,Okoličná na Ostrove,Komárno,1484
1702,Okrúhle,Svidník,596
1703,Okružná,Prešov,480
1704,Olcnava,Spišská Nová Ves,1082
1705,Oľdza,Dunajská Streda,546
1706,Olejníkov,Sabinov,529
1707,Olešná,Čadca,1938
1708,Oľka,Medzilaborce,266
1709,Olováry,Veľký Krtíš,282
1710,Oľšavce,Bardejov,172
1711,Oľšavica,Levoča,266
1712,Oľšavka,Spišská Nová Ves,186
1713,Oľšavka,Stropkov,207
1714,Oľšinkov,Medzilaborce,23
1715,Oľšov,Sabinov,381
1716,Olšovany,Košice-okolie,682
1717,Omšenie,Trenčín,1934
1718,Ondavka,Bardejov,11
1719,Ondavské Matiašovce,Vranov nad Topľou,794
1720,Ondrašová,Turčianske Teplice,84
1721,Ondrašovce,Prešov,54
1722,Ondrej nad Hronom,Banská Bystrica,2167
1723,Ondrejovce,Levice,467
1724,Opátka,Košice-okolie,104
1725,Opatovce,Trenčín,417
1726,Opatovce nad Nitrou,Prievidza,1563
1727,Opatovská Nová Ves,Veľký Krtíš,676
1728,Opava,Veľký Krtíš,115
1729,Opiná,Košice-okolie,191
1730,Opoj,Trnava,1269
1731,Oponice,Topoľčany,811
1732,Oravce,Banská Bystrica,180
1733,Orávka,Rimavská Sobota,170
1734,Oravská Jasenica,Námestovo,1879
1735,Oravská Lesná,Námestovo,3434
1736,Oravská Polhora,Námestovo,3997
1737,Oravská Poruba,Dolný Kubín,1064
1738,Oravské Veselé,Námestovo,2961
1739,Oravský Biely Potok,Tvrdošín,722
1740,Oravský Podzámok,Dolný Kubín,1373
1741,Ordzovany,Levoča,163
1742,Orechová,Sobrance,256
1743,Orechová Potôň,Dunajská Streda,1645
1744,Oreské,Michalovce,473
1745,Oreské,Skalica,389
1746,Orešany,Topoľčany,328
1747,Orlov,Stará Ľubovňa,611
1748,Orovnica,Žarnovica,556
1749,Ortuťová,Bardejov,193
1750,Osádka,Dolný Kubín,167
1751,Osadné,Snina,157
1752,Osikov,Bardejov,969
1753,Oslany,Prievidza,2375
1754,Osrblie,Brezno,368
1755,Ostrá Lúka,Zvolen,301
1756,Ostratice,Partizánske,793
1757,Ostrov,Sobrance,297
1758,Ostrov,Piešťany,1224
1759,Ostrovany,Sabinov,2220
1760,Ostrý Grúň,Žarnovica,543
1761,Osturňa,Kežmarok,311
1762,Osuské,Senica,603
1763,Oščadnica,Čadca,5720
1764,Otrhánky,Bánovce nad Bebravou,397
1765,Otročok,Revúca,326
1766,Ovčiarsko,Žilina,686
1767,Ovčie,Prešov,665
1768,Ozdín,Poltár,290
1769,Ožďany,Rimavská Sobota,1663
1770,Pača,Rožňava,577
1771,Padáň,Dunajská Streda,896
1772,Padarovce,Rimavská Sobota,175
1773,Pagaňov,Považská Bystrica,575
1774,Pakostov,Humenné,439
1775,Palárikovo,Nové Zámky,4189
1776,Palín,Michalovce,897
1777,Palota,Medzilaborce,198
1778,Paňa,Nitra,395
1779,Panické Dravce,Lučenec,752
1780,Paňovce,Košice-okolie,607
1781,Papín,Humenné,938
1782,Papradno,Považská Bystrica,2453
1783,Parchovany,Trebišov,1939
1784,Parihuzovce,Snina,21
1785,Párnica,Dolný Kubín,926
1786,Partizánska Ľupča,Liptovský Mikuláš,1266
1787,Partizánske,Partizánske,22269
1788,Pastovce,Levice,499
1789,Pastuchov,Hlohovec,965
1790,Pašková,Rožňava,349
1791,Paština Závada,Žilina,234
1792,Pata,Galanta,3174
1793,Pataš,Dunajská Streda,780
1794,Patince,Komárno,448
1795,Pavčina Lehota,Liptovský Mikuláš,396
1796,Pavľany,Levoča,48
1797,Pavlice,Trnava,554
1798,Pavlová,Nové Zámky,220
1799,Pavlova Ves,Liptovský Mikuláš,267
1800,Pavlovce,Vranov nad Topľou,791
1801,Pavlovce,Rimavská Sobota,404
1802,Pavlovce nad Uhom,Michalovce,4687
1803,Pažiť,Partizánske,488
1804,Pčoliné,Snina,553
1805,Pečeňady,Piešťany,558
1806,Pečeňany,Bánovce nad Bebravou,522
1807,Pečenice,Levice,131
1808,Pečovská Nová Ves,Sabinov,2820
1809,Peder,Košice-okolie,403
1810,Pernek,Malacky,867
1811,Petkovce,Vranov nad Topľou,140
1812,Petrikovce,Michalovce,194
1813,Petrová,Dolný Kubín,915
1814,Petrová,Bardejov,915
1815,Petrova Lehota,Trenčín,186
1816,Petrova Ves,Skalica,1091
1817,Petrovany,Prešov,1984
1818,Petrovce,Sobrance,199
1819,Petrovce,Vranov nad Topľou,449
1820,Petrovce,Rimavská Sobota,224
1821,Petrovce nad Laborcom,Michalovce,1063
1822,Petrovice,Bytča,1597
1823,Petrovo,Rožňava,111
1824,Pezinok,Pezinok,23034
1825,Piešťany,Piešťany,27336
1826,Pichne,Snina,578
1827,Píla,Pezinok,338
1828,Píla,Žarnovica,129
1829,Píla,Lučenec,256
1830,Pinciná,Lučenec,219
1831,Pinkovce,Sobrance,187
1832,Piskorovce,Vranov nad Topľou,115
1833,Pitelová,Žiar nad Hronom,646
1834,Plášťovce,Levice,1515
1835,Plavé Vozokany,Levice,766
1836,Plavecké Podhradie,Malacky,667
1837,Plavecký Mikuláš,Malacky,731
1838,Plavecký Peter,Senica,641
1839,Plavecký Štvrtok,Malacky,2477
1840,Plaveč,Stará Ľubovňa,1802
1841,Plavnica,Stará Ľubovňa,1647
1842,Plechotice,Trebišov,786
1843,Pleš,Lučenec,190
1844,Plešivec,Rožňava,2275
1845,Pliešovce,Zvolen,2329
1846,Ploské,Košice-okolie,943
1847,Ploské,Revúca,68
1848,Pobedim,Nové Mesto nad Váhom,1151
1849,Počarová,Považská Bystrica,140
1850,Počúvadlo,Banská Štiavnica,96
1851,Podbanské,Liptovský Mikuláš,41
1852,Podbiel,Tvrdošín,1286
1853,Podbranč,Senica,616
1854,Podbrezová,Brezno,3797
1855,Podhájska,Nové Zámky,1015
1856,Podhorany,Kežmarok,3044
1857,Podhorany,Prešov,840
1858,Podhorany,Nitra,1063
1859,Podhorie,Žilina,951
1860,Podhorie,Banská Štiavnica,325
1861,Podhoroď,Sobrance,340
1862,Podhradie,Martin,666
1863,Podhradie,Topoľčany,285
1864,Podhradie,Prievidza,301
1865,Podhradík,Prešov,398
1866,Podkonice,Banská Bystrica,913
1867,Podkriváň,Detva,564
1868,Podkylava,Myjava,223
1869,Podlužany,Levice,757
1870,Podlužany,Bánovce nad Bebravou,871
1871,Podolie,Nové Mesto nad Váhom,1889
1872,Podolínec,Stará Ľubovňa,3155
1873,Podrečany,Lučenec,544
1874,Podskalie,Považská Bystrica,123
1875,Podtureň,Liptovský Mikuláš,1117
1876,Podvysoká,Čadca,1342
1877,Podzámčok,Zvolen,539
1878,Pohorelá,Brezno,2158
1879,Pohorelská Maša,Brezno,286
1880,Pohranice,Nitra,1096
1881,Pohronská Polhora,Brezno,1710
1882,Pohronský Bukovec,Banská Bystrica,118
1883,Pohronský Ruskov,Levice,1214
1884,Pochabany,Bánovce nad Bebravou,256
1885,Pokryváč,Dolný Kubín,163
1886,Poľanovce,Levoča,164
1887,Poľany,Trebišov,494
1888,Poliakovce,Bardejov,382
1889,Polianka,Myjava,390
1890,Polichno,Lučenec,129
1891,Polina,Revúca,107
1892,Poľný Kesov,Nitra,666
1893,Poloma,Sabinov,939
1894,Polomka,Brezno,2964
1895,Poltár,Poltár,5584
1896,Poluvsie,Prievidza,562
1897,Pongrácovce,Levoča,118
1898,Poniky,Banská Bystrica,1555
1899,Poprad,Poprad,51235
1900,Poproč,Košice-okolie,2726
1901,Poproč,Rimavská Sobota,17
1902,Popudinské Močidľany,Skalica,942
1903,Poráč,Spišská Nová Ves,974
1904,Poriadie,Myjava,685
1905,Porostov,Sobrance,191
1906,Poruba,Prievidza,1330
1907,Poruba pod Vihorlatom,Michalovce,609
1908,Porúbka,Žilina,490
1909,Porúbka,Humenné,268
1910,Porúbka,Sobrance,405
1911,Porúbka,Bardejov,226
1912,Poša,Vranov nad Topľou,977
1913,Potok,Ružomberok,100
1914,Potok,Rimavská Sobota,25
1915,Potoky,Stropkov,86
1916,Potôčky,Stropkov,66
1917,Potvorice,Nové Mesto nad Váhom,680
1918,Považany,Nové Mesto nad Váhom,1246
1919,Považská Bystrica,Považská Bystrica,39271
1920,Považské Podhradie,Považská Bystrica,872
1921,Považský Chlmec,Žilina,1373
1922,Povina,Kysucké Nové Mesto,1154
1923,Povoda,Dunajská Streda,969
1924,Pozba,Nové Zámky,443
1925,Pozdišovce,Michalovce,1317
1926,Pôtor,Veľký Krtíš,775
1927,Praha,Lučenec,1325280
1928,Prakovce,Gelnica,3342
1929,Prašice,Topoľčany,2027
1930,Prašník,Piešťany,833
1931,Pravenec,Prievidza,1319
1932,Pravica,Veľký Krtíš,117
1933,Pravotice,Bánovce nad Bebravou,332
1934,Práznovce,Topoľčany,969
1935,Prečín,Považská Bystrica,1509
1936,Predajná,Brezno,1316
1937,Predmier,Bytča,1354
1938,Prenčov,Banská Štiavnica,661
1939,Preseľany,Topoľčany,1433
1940,Prestavlky,Žiar nad Hronom,700
1941,Prešov,Prešov,88464
1942,Príbelce,Veľký Krtíš,566
1943,Pribeník,Trebišov,987
1944,Pribeta,Komárno,2770
1945,Pribiš,Dolný Kubín,461
1946,Príbovce,Martin,1118
1947,Pribylina,Liptovský Mikuláš,1312
1948,Priechod,Banská Bystrica,968
1949,Priekopa,Sobrance,289
1950,Priepasné,Myjava,371
1951,Prietrž,Senica,730
1952,Prietržka,Skalica,532
1953,Prievaly,Senica,1011
1954,Prievidza,Prievidza,45634
1955,Prihradzany,Revúca,76
1956,Príkra,Svidník,12
1957,Primovce,Poprad,2077
1958,Príslop,Snina,50
1959,Prituľany,Humenné,44
1960,Proč,Prešov,411
1961,Prochot,Žiar nad Hronom,562
1962,Prosačov,Vranov nad Topľou,220
1963,Prosiek,Liptovský Mikuláš,216
1964,Prša,Lučenec,214
1965,Pruské,Ilava,2317
1966,Pružina,Považská Bystrica,2067
1967,Psiare,Žarnovica,260
1968,Pstriná,Svidník,55
1969,Ptičie,Humenné,647
1970,Ptrukša,Michalovce,464
1971,Pucov,Dolný Kubín,873
1972,Púchov,Púchov,17561
1973,Pukanec,Levice,1823
1974,Pusté Čemerné,Michalovce,367
1975,Pusté Pole,Stará Ľubovňa,226
1976,Pusté Sady,Galanta,601
1977,Pusté Úľany,Galanta,1806
1978,Pušovce,Prešov,527
1979,Rabča,Námestovo,5106
1980,Rabčice,Námestovo,2038
1981,Rad,Trebišov,512
1982,Radatice,Prešov,812
1983,Radava,Nové Zámky,748
1984,Radimov,Skalica,555
1985,Radnovce,Rimavská Sobota,964
1986,Radobica,Prievidza,531
1987,Radoľa,Kysucké Nové Mesto,1512
1988,Radoma,Svidník,429
1989,Radošina,Topoľčany,1934
1990,Radošovce,Skalica,1752
1991,Radošovce,Trnava,414
1992,Radôstka,Čadca,801
1993,Radvaň nad Dunajom,Komárno,704
1994,Radvaň nad Laborcom,Medzilaborce,555
1995,Radvanovce,Vranov nad Topľou,233
1996,Radzovce,Lučenec,1556
1997,Rafajovce,Vranov nad Topľou,175
1998,Rajčany,Topoľčany,518
1999,Rajec,Žilina,5787
2000,Rajecká Lesná,Žilina,1185
2001,Rajecké Teplice,Žilina,3023
2002,Rákoš,Košice-okolie,371
2003,Rákoš,Revúca,413
2004,Raková,Čadca,5557
2005,Rakovčík,Svidník,168
2006,Rakovec nad Ondavou,Michalovce,1062
2007,Rakovice,Piešťany,609
2008,Rakovnica,Rožňava,594
2009,Rakovo,Martin,379
2010,Rakša,Turčianske Teplice,221
2011,Rakúsy,Kežmarok,3356
2012,Rankovce,Košice-okolie,928
2013,Rapovce,Lučenec,939
2014,Raslavice,Bardejov,2804
2015,Rastislavice,Nové Zámky,957
2016,Rašice,Revúca,119
2017,Ratka,Lučenec,303
2018,Ratková,Revúca,636
2019,Ratkovce,Hlohovec,345
2020,Ratkovo,Martin,199
2021,Ratkovská Lehota,Rimavská Sobota,46
2022,Ratkovská Suchá,Rimavská Sobota,41
2023,Ratkovské Bystré,Revúca,327
2024,Ratnovce,Piešťany,1088
2025,Ratvaj,Sabinov,139
2026,Ráztočno,Prievidza,1222
2027,Ráztoka,Brezno,273
2028,Ražňany,Sabinov,1570
2029,Regetovka,Bardejov,42
2030,Rejdová,Rožňava,761
2031,Reľov,Kežmarok,345
2032,Remeniny,Vranov nad Topľou,278
2033,Remetské Hámre,Sobrance,560
2034,Renčišov,Sabinov,167
2035,Repejov,Medzilaborce,107
2036,Repište,Žiar nad Hronom,277
2037,Rešica,Košice-okolie,327
2038,Rešov,Bardejov,301
2039,Revúcka Lehota,Revúca,303
2040,Riečka,Rimavská Sobota,227
2041,Richnava,Gelnica,3104
2042,Richvald,Bardejov,1004
2043,Rimavská Baňa,Rimavská Sobota,532
2044,Rimavská Seč,Rimavská Sobota,2154
2045,Rimavská Sobota,Rimavská Sobota,23751
2046,Rimavské Brezovo,Rimavská Sobota,530
2047,Rimavské Janovce,Rimavská Sobota,1358
2048,Rimavské Zalužany,Rimavská Sobota,357
2049,Rišňovce,Nitra,2062
2050,Rohov,Senica,373
2051,Rohovce,Dunajská Streda,1170
2052,Rohožník,Humenné,47
2053,Rohožník,Malacky,3524
2054,Rochovce,Rožňava,336
2055,Rojkov,Ružomberok,1167
2056,Rokycany,Prešov,1060
2057,Rokytov,Bardejov,571
2058,Rokytov pri Humennom,Humenné,283
2059,Rokytovce,Medzilaborce,171
2060,Rosina,Žilina,3278
2061,Roškovce,Levoča,146
2062,Roškovce,Medzilaborce,146
2063,Roštár,Rožňava,631
2064,Rovensko,Senica,438
2065,Rovinka,Senec,4669
2066,Rovňany,Poltár,248
2067,Rovné,Humenné,455
2068,Rovné,Svidník,475
2069,Rovné,Rimavská Sobota,125
2070,Rozhanovce,Košice-okolie,2580
2071,Rozložná,Rožňava,204
2072,Roztoky,Svidník,434
2073,Rožkovany,Sabinov,1331
2074,Rožňava,Rožňava,19045
2075,Rožňavské Bystré,Rožňava,625
2076,Rúbaň,Nové Zámky,940
2077,Rudina,Kysucké Nové Mesto,1825
2078,Rudinka,Kysucké Nové Mesto,392
2079,Rudinská,Kysucké Nové Mesto,1002
2080,Rudlov,Vranov nad Topľou,709
2081,Rudná,Rožňava,717
2082,Rudňany,Spišská Nová Ves,4727
2083,Rudnianska Lehota,Prievidza,734
2084,Rudník,Košice-okolie,626
2085,Rudník,Myjava,825
2086,Rudno,Turčianske Teplice,193
2087,Rudno nad Hronom,Žarnovica,548
2088,Rumanová,Nitra,820
2089,Rumince,Rimavská Sobota,371
2090,Runina,Snina,77
2091,Ruská,Michalovce,578
2092,Ruská Bystrá,Sobrance,107
2093,Ruská Kajňa,Humenné,107
2094,Ruská Nová Ves,Prešov,1291
2095,Ruská Poruba,Humenné,228
2096,Ruská Voľa,Vranov nad Topľou,85
2097,Ruská Voľa nad Popradom,Stará Ľubovňa,83
2098,Ruská Volová,Snina,97
2099,Ruské Pekľany,Prešov,515
2100,Ruskov,Košice-okolie,1568
2101,Ruskovce,Sobrance,270
2102,Ruskovce,Bánovce nad Bebravou,521
2103,Ruský Hrabovec,Sobrance,288
2104,Ruský Potok,Snina,136
2105,Ružiná,Lučenec,861
2106,Ružindol,Trnava,1667
2107,Ružomberok,Ružomberok,26558
2108,Rybany,Bánovce nad Bebravou,1465
2109,Rybky,Senica,419
2110,Rybník,Levice,1435
2111,Rybník,Revúca,159
2112,Rykynčice,Krupina,268
2113,Sabinov,Sabinov,12700
2114,Sačurov,Vranov nad Topľou,2506
2115,Sádočné,Považská Bystrica,154
2116,Sady nad Torysou,Košice-okolie,1973
2117,Salka,Nové Zámky,991
2118,Santovka,Levice,625
2119,Sap,Dunajská Streda,512
2120,Sása,Zvolen,927
2121,Sása,Revúca,208
2122,Sasinkovo,Hlohovec,854
2123,Sazdice,Levice,473
2124,Sebedražie,Prievidza,1723
2125,Sebechleby,Krupina,1208
2126,Seč,Prievidza,390
2127,Sečianky,Veľký Krtíš,359
2128,Sečovce,Trebišov,8542
2129,Sečovská Polianka,Vranov nad Topľou,2750
2130,Sedliacka Dubová,Dolný Kubín,536
2131,Sedlice,Prešov,1027
2132,Sedliská,Vranov nad Topľou,1447
2133,Sedmerovec,Ilava,419
2134,Sejkov,Sobrance,192
2135,Sekule,Senica,1782
2136,Seľany,Veľký Krtíš,171
2137,Selce,Krupina,91
2138,Selce,Banská Bystrica,2122
2139,Selce,Poltár,113
2140,Selec,Trenčín,1009
2141,Selice,Šaľa,2839
2142,Semerovo,Nové Zámky,1379
2143,Seňa,Košice-okolie,2133
2144,Senec,Senec,19963
2145,Seniakovce,Prešov,167
2146,Senica,Senica,20289
2147,Senica,Banská Bystrica,20289
2148,Senné,Michalovce,718
2149,Senné,Veľký Krtíš,192
2150,Senohrad,Krupina,754
2151,Sereď,Galanta,15444
2152,Sielnica,Zvolen,1427
2153,Sihelné,Námestovo,2161
2154,Sihla,Brezno,191
2155,Sikenica,Levice,657
2156,Sikenička,Nové Zámky,428
2157,Siladice,Hlohovec,650
2158,Silica,Rožňava,552
2159,Silická Brezová,Rožňava,150
2160,Silická Jablonica,Rožňava,187
2161,Sirk,Revúca,1286
2162,Sirník,Trebišov,571
2163,Skačany,Partizánske,1348
2164,Skalité,Čadca,5243
2165,Skalka nad Váhom,Trenčín,1190
2166,Skároš,Košice-okolie,1113
2167,Skerešovo,Revúca,228
2168,Sklabiná,Veľký Krtíš,976
2169,Sklabinský Podzámok,Martin,181
2170,Sklené,Turčianske Teplice,714
2171,Sklené Teplice,Žiar nad Hronom,382
2172,Skrabské,Vranov nad Topľou,784
2173,Skýcov,Zlaté Moravce,971
2174,Sládkovičovo,Galanta,5209
2175,Slančík,Košice-okolie,207
2176,Slanec,Košice-okolie,1516
2177,Slanská Huta,Košice-okolie,247
2178,Slanské Nové Mesto,Košice-okolie,477
2179,Slaská,Žiar nad Hronom,464
2180,Slatina,Levice,317
2181,Slatina nad Bebravou,Bánovce nad Bebravou,441
2182,Slatinka nad Bebravou,Bánovce nad Bebravou,191
2183,Slatinské Lazy,Detva,544
2184,Slatvina,Spišská Nová Ves,319
2185,Slavec,Rožňava,479
2186,Slavkovce,Michalovce,705
2187,Slavnica,Ilava,799
2188,Slavoška,Rožňava,125
2189,Slavošovce,Rožňava,1873
2190,Sľažany,Zlaté Moravce,1685
2191,Slepčany,Zlaté Moravce,800
2192,Sliač,Zvolen,4959
2193,Sliepkovce,Michalovce,744
2194,Slivník,Trebišov,766
2195,Slizké,Rimavská Sobota,239
2196,Slopná,Považská Bystrica,478
2197,Slovany,Martin,447
2198,Slovenská Kajňa,Vranov nad Topľou,749
2199,Slovenská Ľupča,Banská Bystrica,3257
2200,Slovenská Nová Ves,Trnava,543
2201,Slovenská Ves,Kežmarok,1875
2202,Slovenská Volová,Humenné,568
2203,Slovenské Ďarmoty,Veľký Krtíš,547
2204,Slovenské Kľačany,Veľký Krtíš,170
2205,Slovenské Krivé,Humenné,120
2206,Slovenské Nové Mesto,Trebišov,1110
2207,Slovenské Pravno,Turčianske Teplice,925
2208,Slovenský Grob,Pezinok,4615
2209,Slovinky,Spišská Nová Ves,1862
2210,Smilno,Bardejov,702
2211,Smižany,Spišská Nová Ves,8751
2212,Smolenice,Trnava,3354
2213,Smolinské,Senica,900
2214,Smolnícka Huta,Gelnica,473
2215,Smolník,Gelnica,1011
2216,Smrdáky,Senica,654
2217,Smrečany,Liptovský Mikuláš,680
2218,Snakov,Bardejov,681
2219,Snežnica,Kysucké Nové Mesto,1055
2220,Snina,Snina,19520
2221,Soblahov,Trenčín,2400
2222,Soboš,Svidník,149
2223,Sobotište,Senica,1464
2224,Sobrance,Sobrance,6346
2225,Socovce,Martin,237
2226,Sokoľ,Košice-okolie,1237
2227,Sokoľany,Košice-okolie,1378
2228,Sokolce,Komárno,1190
2229,Sokolovce,Piešťany,1367
2230,Soľ,Vranov nad Topľou,2597
2231,Solčany,Topoľčany,2475
2232,Solčianky,Topoľčany,257
2233,Soľnička,Trebišov,230
2234,Soľník,Stropkov,31
2235,Sološnica,Malacky,1587
2236,Somotor,Trebišov,1409
2237,Sopkovce,Humenné,97
2238,Spišská Belá,Kežmarok,6733
2239,Spišská Nová Ves,Spišská Nová Ves,37007
2240,Spišská Stará Ves,Kežmarok,2230
2241,Spišská Teplica,Poprad,2260
2242,Spišské Bystré,Poprad,2549
2243,Spišské Hanušovce,Kežmarok,789
2244,Spišské Podhradie,Levoča,3985
2245,Spišské Tomášovce,Spišská Nová Ves,2102
2246,Spišské Vlachy,Spišská Nová Ves,3459
2247,Spišský Hrhov,Levoča,1685
2248,Spišský Hrušov,Spišská Nová Ves,1294
2249,Spišský Štiavnik,Poprad,2907
2250,Spišský Štvrtok,Levoča,2524
2251,Stakčín,Snina,2434
2252,Stakčínska Roztoka,Snina,306
2253,Stanča,Trebišov,406
2254,Stankovany,Ružomberok,1167
2255,Stankovce,Trebišov,163
2256,Stará Bašta,Rimavská Sobota,336
2257,Stará Bystrica,Čadca,2751
2258,Stará Halič,Lučenec,658
2259,Stará Huta,Detva,326
2260,Stará Kremnička,Žiar nad Hronom,1156
2261,Stará Lehota,Nové Mesto nad Váhom,199
2262,Stará Lesná,Kežmarok,1018
2263,Stará Ľubovňa,Stará Ľubovňa,16327
2264,Stará Turá,Nové Mesto nad Váhom,8764
2265,Stará Voda,Gelnica,200
2266,Staré,Michalovce,765
2267,Staré Hory,Banská Bystrica,555
2268,Starina,Stará Ľubovňa,49
2269,Starý Hrádok,Levice,203
2270,Starý Smokovec,Poprad,47
2271,Starý Tekov,Levice,1490
2272,Staškov,Čadca,2806
2273,Staškovce,Stropkov,245
2274,Stebnícka Huta,Bardejov,225
2275,Stebník,Bardejov,301
2276,Stožok,Detva,1058
2277,Stráňany,Stará Ľubovňa,190
2278,Stráňavy,Žilina,1870
2279,Stráne pod Tatrami,Kežmarok,2629
2280,Stránska,Rimavská Sobota,348
2281,Stránske,Žilina,872
2282,Stratená,Rožňava,126
2283,Stráža,Žilina,673
2284,Stráže nad Myjavou,Senica,4965
2285,Strážne,Trebišov,579
2286,Strážske,Michalovce,4250
2287,Streda nad Bodrogom,Trebišov,2217
2288,Stredné Plachtince,Veľký Krtíš,587
2289,Strekov,Nové Zámky,1962
2290,Strelníky,Banská Bystrica,777
2291,Stretava,Michalovce,702
2292,Stretavka,Michalovce,165
2293,Streženice,Púchov,1044
2294,Strihovce,Snina,146
2295,Stročín,Svidník,568
2296,Stropkov,Stropkov,10438
2297,Studená,Rimavská Sobota,274
2298,Studenec,Levoča,494
2299,Studienka,Malacky,1624
2300,Stuľany,Bardejov,559
2301,Stupava,Malacky,12108
2302,Stupné,Považská Bystrica,689
2303,Sučany,Martin,4714
2304,Sudince,Krupina,82
2305,Súdovce,Krupina,219
2306,Suchá Dolina,Prešov,212
2307,Suchá Hora,Tvrdošín,1448
2308,Suchá nad Parnou,Trnava,2203
2309,Sucháň,Veľký Krtíš,273
2310,Suché,Michalovce,407
2311,Suché Brezovo,Veľký Krtíš,94
2312,Suchohrad,Malacky,647
2313,Sukov,Medzilaborce,156
2314,Sulín,Stará Ľubovňa,316
2315,Súlovce,Topoľčany,515
2316,Sušany,Poltár,435
2317,Sútor,Rimavská Sobota,607
2318,Svätá Mária,Trebišov,563
2319,Svätoplukovo,Nitra,1342
2320,Svätuš,Sobrance,108
2321,Svätuše,Trebišov,786
2322,Svätý Anton,Banská Štiavnica,1199
2323,Svätý Jur,Pezinok,5724
2324,Svätý Kríž,Liptovský Mikuláš,829
2325,Svätý Peter,Komárno,2782
2326,Svederník,Žilina,1447
2327,Sverepec,Považská Bystrica,1359
2328,Sveržov,Bardejov,620
2329,Svetlice,Medzilaborce,101
2330,Svidnička,Svidník,137
2331,Svidník,Svidník,10752
2332,Svinia,Prešov,2396
2333,Svinica,Košice-okolie,916
2334,Svinice,Trebišov,220
2335,Svinná,Trenčín,1570
2336,Svodín,Nové Zámky,2477
2337,Svrbice,Topoľčany,199
2338,Svrčinovec,Čadca,3487
2339,Šahy,Levice,7219
2340,Šajdíkove Humence,Senica,1112
2341,Šaľa,Šaľa,21689
2342,Šalgočka,Galanta,467
2343,Šalgovce,Topoľčany,516
2344,Šalov,Levice,354
2345,Šambron,Stará Ľubovňa,376
2346,Šamorín,Dunajská Streda,13350
2347,Šamudovce,Michalovce,653
2348,Šandal,Stropkov,330
2349,Šarbov,Svidník,16
2350,Šarišská Poruba,Prešov,638
2351,Šarišská Trstená,Prešov,359
2352,Šarišské Bohdanovce,Prešov,921
2353,Šarišské Čierne,Bardejov,297
2354,Šarišské Dravce,Sabinov,1189
2355,Šarišské Jastrabie,Stará Ľubovňa,1483
2356,Šarišské Lužianky,Prešov,1144
2357,Šarišské Michaľany,Sabinov,2828
2358,Šarišské Sokolovce,Sabinov,590
2359,Šarišský Štiavnik,Svidník,278
2360,Šarkan,Nové Zámky,378
2361,Šarovce,Levice,1597
2362,Šašová,Bardejov,159
2363,Šávoľ,Lučenec,547
2364,Šebešťanová,Považská Bystrica,577
2365,Šelpice,Trnava,885
2366,Šemetkovce,Svidník,85
2367,Šemša,Košice-okolie,865
2368,Šenkvice,Pezinok,5095
2369,Šiatorská Bukovinka,Lučenec,298
2370,Šiba,Bardejov,634
2371,Šíd,Lučenec,1327
2372,Šimonovce,Rimavská Sobota,562
2373,Šindliar,Prešov,540
2374,Šintava,Galanta,1741
2375,Šípkov,Bánovce nad Bebravou,145
2376,Šípkové,Piešťany,297
2377,Širákov,Veľký Krtíš,197
2378,Širkovce,Rimavská Sobota,977
2379,Široké,Prešov,2512
2380,Šišov,Bánovce nad Bebravou,506
2381,Šivetice,Revúca,375
2382,Šmigovec,Snina,79
2383,Šoltýska,Poltár,97
2384,Šoporňa,Galanta,4154
2385,Špačince,Trnava,3010
2386,Špania Dolina,Banská Bystrica,215
2387,Španie Pole,Rimavská Sobota,76
2388,Šrobárová,Komárno,514
2389,Štefanov,Senica,1646
2390,Štefanov nad Oravou,Tvrdošín,688
2391,Štefanová,Pezinok,354
2392,Štefanovce,Prešov,199
2393,Štefanovce,Vranov nad Topľou,107
2394,Štefanovičová,Nitra,367
2395,Štefurov,Svidník,113
2396,Šterusy,Piešťany,503
2397,Štiavnické Bane,Banská Štiavnica,820
2398,Štiavnička,Ružomberok,877
2399,Štitáre,Nitra,1003
2400,Štítnik,Rožňava,1537
2401,Štós,Košice-okolie,760
2402,Štôla,Poprad,534
2403,Štrba,Poprad,3483
2404,Štrbské Pleso,Poprad,20
2405,Štrkovec,Rimavská Sobota,376
2406,Štúrovo,Nové Zámky,10186
2407,Štvrtok,Trenčín,381
2408,Štvrtok na Ostrove,Dunajská Streda,1725
2409,Šuja,Žilina,328
2410,Šuľa,Veľký Krtíš,66
2411,Šuľany,Dunajská Streda,1231
2412,Šumiac,Brezno,1268
2413,Šuňava,Poprad,1977
2414,Šurany,Nové Zámky,9659
2415,Šurianky,Nitra,574
2416,Šurice,Lučenec,484
2417,Šúrovce,Trnava,2315
2418,Šutovce,Prievidza,446
2419,Šútovo,Martin,512
2420,Švábovce,Poprad,1570
2421,Švedlár,Gelnica,2177
2422,Švošov,Ružomberok,868
2423,Tachty,Rimavská Sobota,557
2424,Tajná,Nitra,281
2425,Tajov,Banská Bystrica,655
2426,Ťapešovo,Námestovo,750
2427,Tarnov,Bardejov,406
2428,Tašuľa,Sobrance,183
2429,Tatranská Javorina,Poprad,198
2430,Tatranská Kotlina,Poprad,242
2431,Tatranská Lesná,Poprad,13
2432,Tatranská Lomnica,Poprad,1323
2433,Tatranská Polianka,Poprad,177
2434,Tatranská Štrba,Poprad,1073
2435,Tatranské Matliare,Poprad,101
2436,Tatranské Zruby,Poprad,71
2437,Tehla,Levice,491
2438,Tekolďany,Hlohovec,134
2439,Tekovská Breznica,Žarnovica,1220
2440,Tekovská Nová Ves,Levice,1470
2441,Tekovské Lužany,Levice,2810
2442,Tekovské Nemce,Zlaté Moravce,1091
2443,Tekovský Hrádok,Levice,365
2444,Telgárt,Brezno,1516
2445,Telince,Nitra,427
2446,Temeš,Prievidza,217
2447,Teplička,Spišská Nová Ves,1154
2448,Teplička nad Váhom,Žilina,4249
2449,Tepličky,Hlohovec,297
2450,Teplý Vrch,Rimavská Sobota,278
2451,Terany,Krupina,605
2452,Terchová,Žilina,4076
2453,Teriakovce,Prešov,820
2454,Terňa,Prešov,1316
2455,Tesáre,Topoľčany,719
2456,Tesárske Mlyňany,Zlaté Moravce,1754
2457,Tešedíkovo,Šaľa,3688
2458,Tichý Potok,Sabinov,322
2459,Timoradza,Bánovce nad Bebravou,516
2460,Tisinec,Stropkov,483
2461,Tisovec,Rimavská Sobota,4087
2462,Tlmače,Levice,3520
2463,Tokajík,Stropkov,98
2464,Tomášikovo,Galanta,1687
2465,Tomášov,Senec,2599
2466,Tomášovce,Rimavská Sobota,176
2467,Tomášovce,Lučenec,1348
2468,Topoľa,Snina,149
2469,Topoľčany,Topoľčany,24785
2470,Topoľčianky,Zlaté Moravce,2642
2471,Topoľnica,Galanta,794
2472,Topoľníky,Dunajská Streda,3152
2473,Topoľovka,Humenné,807
2474,Toporec,Kežmarok,2006
2475,Tornaľa,Revúca,7114
2476,Torysky,Levoča,323
2477,Tovarné,Vranov nad Topľou,986
2478,Tovarnianska Polianka,Vranov nad Topľou,115
2479,Tovarníky,Topoľčany,1506
2480,Tôň,Komárno,720
2481,Trakovice,Hlohovec,1565
2482,Trávnica,Nové Zámky,1043
2483,Trebatice,Piešťany,1359
2484,Trebejov,Košice-okolie,205
2485,Trebeľovce,Lučenec,903
2486,Trebichava,Bánovce nad Bebravou,43
2487,Trebišov,Trebišov,24649
2488,Trebostovo,Martin,592
2489,Trebušovce,Veľký Krtíš,182
2490,Trenč,Lučenec,539
2491,Trenčianska Teplá,Trenčín,4244
2492,Trenčianska Turná,Trenčín,3485
2493,Trenčianska Závada,Trenčín,6414
2494,Trenčianske Bohuslavice,Nové Mesto nad Váhom,928
2495,Trenčianske Jastrabie,Trenčín,1250
2496,Trenčianske Mitice,Trenčín,781
2497,Trenčianske Stankovce,Trenčín,3351
2498,Trenčianske Teplice,Trenčín,4162
2499,Trenčín,Trenčín,55383
2500,Trhová Hradská,Dunajská Streda,2158
2501,Trhovište,Michalovce,2046
2502,Trnava,Trnava,65033
2503,Trnavá Hora,Žiar nad Hronom,1248
2504,Trnava pri Laborci,Michalovce,570
2505,Trnávka,Trebišov,190
2506,Trnávka,Dunajská Streda,504
2507,Tŕnie,Zvolen,422
2508,Trnkov,Prešov,247
2509,Trnové,Žilina,2555
2510,Trnovec,Skalica,300
2511,Trnovec nad Váhom,Šaľa,2703
2512,Trnovo,Martin,275
2513,Tročany,Bardejov,294
2514,Trpín,Krupina,110
2515,Trsťany,Košice-okolie,297
2516,Trsťany,Spišská Nová Ves,297
2517,Trstená,Tvrdošín,7360
2518,Trstená na Ostrove,Dunajská Streda,573
2519,Trstené,Liptovský Mikuláš,222
2520,Trstené pri Hornáde,Košice-okolie,1559
2521,Trstice,Galanta,3775
2522,Trstín,Trnava,1439
2523,Trubín,Žiar nad Hronom,349
2524,Tuhár,Lučenec,344
2525,Tuhrina,Prešov,490
2526,Tuchyňa,Ilava,792
2527,Tulčík,Prešov,1320
2528,Tupá,Levice,571
2529,Turá,Levice,204
2530,Turany,Martin,4278
2531,Turany nad Ondavou,Stropkov,366
2532,Turcovce,Humenné,310
2533,Turček,Turčianske Teplice,617
2534,Turčianky,Partizánske,144
2535,Turčianska Štiavnička,Martin,940
2536,Turčianske Jaseno,Martin,410
2537,Turčianske Kľačany,Martin,989
2538,Turčianske Teplice,Turčianske Teplice,6330
2539,Turčiansky Ďur,Martin,172
2540,Turčiansky Peter,Martin,512
2541,Turčok,Revúca,282
2542,Tureň,Senec,1161
2543,Turie,Žilina,2036
2544,Turík,Ružomberok,254
2545,Turňa nad Bodvou,Košice-okolie,3646
2546,Turnianska Nová Ves,Košice-okolie,321
2547,Turová,Zvolen,424
2548,Turzovka,Čadca,7515
2549,Tušice,Michalovce,669
2550,Tušická Nová Ves,Michalovce,532
2551,Tužina,Prievidza,1204
2552,Tvarožná,Kežmarok,721
2553,Tvrdomestice,Topoľčany,451
2554,Tvrdošín,Tvrdošín,9201
2555,Tvrdošovce,Nové Zámky,5082
2556,Ubľa,Snina,773
2557,Úbrež,Sobrance,852
2558,Udavské,Humenné,1221
2559,Uderiná,Lučenec,2003
2560,Udiča,Považská Bystrica,2241
2561,Údol,Stará Ľubovňa,369
2562,Uhliská,Levice,184
2563,Úhorná,Gelnica,139
2564,Uhorská Ves,Liptovský Mikuláš,500
2565,Uhorské,Poltár,516
2566,Uhrovské Podhradie,Bánovce nad Bebravou,35
2567,Úľany nad Žitavou,Nové Zámky,1533
2568,Ulič,Snina,841
2569,Uličské Krivé,Snina,243
2570,Uloža,Levoča,203
2571,Uňatín,Krupina,184
2572,Unín,Skalica,1223
2573,Urmince,Topoľčany,1409
2574,Utekáč,Poltár,923
2575,Uzovce,Sabinov,539
2576,Uzovská Panica,Rimavská Sobota,824
2577,Uzovské Pekľany,Sabinov,483
2578,Uzovský Šalgov,Sabinov,632
2579,Vaďovce,Nové Mesto nad Váhom,726
2580,Vagrinec,Svidník,121
2581,Váhovce,Galanta,2095
2582,Vajkovce,Košice-okolie,964
2583,Valaliky,Košice-okolie,4583
2584,Valaská,Brezno,3627
2585,Valaská Belá,Prievidza,2079
2586,Valaská Dubová,Ružomberok,786
2587,Valča,Martin,1763
2588,Valentovce,Medzilaborce,44
2589,Valice,Rimavská Sobota,317
2590,Valkovce,Svidník,206
2591,Vaľkovňa,Brezno,437
2592,Vaľkovo,Poltár,464
2593,Vaniškovce,Bardejov,371
2594,Vápeník,Svidník,38
2595,Varadka,Bardejov,228
2596,Varechovce,Stropkov,149
2597,Varhaňovce,Prešov,1516
2598,Varín,Žilina,3859
2599,Vasiľov,Námestovo,826
2600,Vavrečka,Námestovo,1581
2601,Vavrinec,Vranov nad Topľou,55
2602,Vavrišovo,Liptovský Mikuláš,690
2603,Važec,Liptovský Mikuláš,2415
2604,Včelince,Rimavská Sobota,813
2605,Večelkov,Rimavská Sobota,228
2606,Vechec,Vranov nad Topľou,3009
2607,Veľaty,Trebišov,820
2608,Velčice,Zlaté Moravce,838
2609,Veličná,Dolný Kubín,1338
2610,Veľká Čalomija,Veľký Krtíš,587
2611,Veľká Čausa,Prievidza,498
2612,Veľká Čierna,Žilina,354
2613,Veľká Dolina,Nitra,687
2614,Veľká Dolina,Lučenec,687
2615,Veľká Franková,Kežmarok,330
2616,Veľká Hradná,Trenčín,749
2617,Veľká Ida,Košice-okolie,3867
2618,Veľká Lehota,Žarnovica,1087
2619,Veľká Lehota,Prievidza,1087
2620,Veľká Lesná,Stará Ľubovňa,498
2621,Veľká Lodina,Košice-okolie,305
2622,Veľká Lomnica,Kežmarok,4983
2623,Veľká Lúka,Zvolen,796
2624,Veľká Mača,Galanta,2538
2625,Veľká nad Ipľom,Lučenec,921
2626,Veľká Paka,Dunajská Streda,963
2627,Veľká Tŕňa,Trebišov,445
2628,Veľká Ves,Nitra,441
2629,Veľká Ves,Poltár,441
2630,Veľká Ves nad Ipľom,Veľký Krtíš,395
2631,Veľké Bielice,Partizánske,22269
2632,Veľké Bierovce,Trenčín,716
2633,Veľké Blahovo,Dunajská Streda,1583
2634,Veľké Borové,Liptovský Mikuláš,46
2635,Veľké Dravce,Lučenec,708
2636,Veľké Držkovce,Bánovce nad Bebravou,35
2637,Veľké Dvorany,Topoľčany,736
2638,Veľké Dvorníky,Dunajská Streda,1322
2639,Veľké Hoste,Bánovce nad Bebravou,567
2640,Veľké Chlievany,Bánovce nad Bebravou,501
2641,Veľké Chyndice,Nitra,325
2642,Veľké Kapušany,Michalovce,8862
2643,Veľké Kosihy,Komárno,950
2644,Veľké Kostoľany,Piešťany,2778
2645,Veľké Kozmálovce,Levice,698
2646,Veľké Kršteňany,Partizánske,598
2647,Veľké Leváre,Malacky,3617
2648,Veľké Lovce,Nové Zámky,1838
2649,Veľké Ludince,Levice,1443
2650,Veľké Orvište,Piešťany,1068
2651,Veľké Ozorovce,Trebišov,755
2652,Veľké Pole,Žarnovica,431
2653,Veľké Raškovce,Michalovce,295
2654,Veľké Revištia,Sobrance,524
2655,Veľké Ripňany,Topoľčany,2042
2656,Veľké Rovné,Bytča,3750
2657,Veľké Slemence,Michalovce,567
2658,Veľké Straciny,Veľký Krtíš,177
2659,Veľké Teriakovce,Rimavská Sobota,831
2660,Veľké Trakany,Trebišov,1439
2661,Veľké Turovce,Levice,759
2662,Veľké Uherce,Partizánske,2017
2663,Veľké Úľany,Galanta,4689
2664,Veľké Vozokany,Zlaté Moravce,457
2665,Veľké Zálužie,Nitra,4238
2666,Veľké Zlievce,Veľký Krtíš,503
2667,Veľkrop,Stropkov,245
2668,Veľký Biel,Senec,2850
2669,Veľký Blh,Rimavská Sobota,1182
2670,Veľký Cetín,Nitra,1545
2671,Veľký Čepčín,Turčianske Teplice,252
2672,Veľký Ďur,Levice,1254
2673,Veľký Folkmar,Gelnica,903
2674,Veľký Grob,Galanta,1368
2675,Veľký Horeš,Trebišov,1045
2676,Veľký Kamenec,Trebišov,756
2677,Veľký Klíž,Partizánske,907
2678,Veľký Krtíš,Veľký Krtíš,11755
2679,Veľký Kýr,Nové Zámky,2965
2680,Veľký Lapáš,Nitra,1739
2681,Veľký Lom,Veľký Krtíš,162
2682,Veľký Meder,Dunajská Streda,8612
2683,Veľký Slavkov,Poprad,1462
2684,Veľký Slivník,Prešov,326
2685,Veľký Šariš,Prešov,6426
2686,Veľopolie,Humenné,363
2687,Velušovce,Topoľčany,487
2688,Vernár,Poprad,581
2689,Veselé,Piešťany,1234
2690,Veterná Poruba,Liptovský Mikuláš,380
2691,Vidiná,Lučenec,1775
2692,Vieska,Dunajská Streda,408
2693,Vieska,Veľký Krtíš,211
2694,Vieska nad Blhom,Rimavská Sobota,176
2695,Vieska nad Žitavou,Zlaté Moravce,458
2696,Vígľaš,Detva,1588
2697,Vikartovce,Poprad,1887
2698,Vinica,Veľký Krtíš,1778
2699,Viničky,Trebišov,493
2700,Viničné,Pezinok,2577
2701,Vinné,Michalovce,1895
2702,Vinodol,Nitra,2005
2703,Vinohrady nad Váhom,Galanta,1595
2704,Vinosady,Pezinok,1416
2705,Virt,Komárno,303
2706,Vislanka,Stará Ľubovňa,258
2707,Vislava,Stropkov,184
2708,Visolaje,Púchov,965
2709,Višňov,Trebišov,245
2710,Višňové,Žilina,2914
2711,Višňové,Nové Mesto nad Váhom,170
2712,Višňové,Revúca,70
2713,Vištuk,Pezinok,1357
2714,Vitanová,Tvrdošín,1341
2715,Víťaz,Prešov,2018
2716,Víťazovce,Humenné,307
2717,Vítkovce,Spišská Nová Ves,592
2718,Vlača,Vranov nad Topľou,224
2719,Vladiča,Stropkov,66
2720,Vlachovo,Rožňava,806
2721,Vlachy,Liptovský Mikuláš,609
2722,Vlčany,Šaľa,3220
2723,Vlčkovce,Trnava,1385
2724,Vlkanová,Banská Bystrica,1318
2725,Vlkas,Nové Zámky,327
2726,Vlková,Kežmarok,835
2727,Vlkovce,Kežmarok,481
2728,Vlky,Senec,405
2729,Vlkyňa,Rimavská Sobota,391
2730,Voderady,Trnava,1588
2731,Vojany,Michalovce,897
2732,Vojčice,Trebišov,2172
2733,Vojka,Trebišov,496
2734,Vojka nad Dunajom,Dunajská Streda,454
2735,Vojkovce,Spišská Nová Ves,419
2736,Vojňany,Kežmarok,307
2737,Vojnatina,Sobrance,239
2738,Vojtovce,Stropkov,102
2739,Voľa,Michalovce,266
2740,Volica,Medzilaborce,271
2741,Volkovce,Zlaté Moravce,1001
2742,Voznica,Žarnovica,649
2743,Vozokany,Galanta,1174
2744,Vozokany,Topoľčany,358
2745,Vozokany nad Hronom,Levice,1476
2746,Vráble,Nitra,8551
2747,Vrádište,Skalica,828
2748,Vrakúň,Dunajská Streda,2735
2749,Vranie,Žilina,736
2750,Vranov nad Topľou,Vranov nad Topľou,22245
2751,Vrbnica,Michalovce,1187
2752,Vrbov,Kežmarok,1546
2753,Vrbová nad Váhom,Komárno,528
2754,Vrbovce,Myjava,1491
2755,Vrbové,Piešťany,5907
2756,Vrbovka,Veľký Krtíš,329
2757,Vrchteplá,Považská Bystrica,263
2758,Vrícko,Martin,455
2759,Vršatské Podhradie,Ilava,220
2760,Vrútky,Martin,7748
2761,Vtáčkovce,Košice-okolie,1196
2762,Výborná,Kežmarok,1286
2763,Vydrany,Dunajská Streda,1725
2764,Vydrná,Púchov,303
2765,Vydrník,Poprad,1265
2766,Vyhne,Žiar nad Hronom,1167
2767,Výrava,Medzilaborce,179
2768,Vysočany,Bánovce nad Bebravou,110
2769,Vysoká,Sabinov,121
2770,Vysoká,Banská Štiavnica,144
2771,Vysoká nad Kysucou,Čadca,2620
2772,Vysoká nad Uhom,Michalovce,796
2773,Vysoká pri Morave,Malacky,2301
2774,Vyškovce,Stropkov,126
2775,Vyškovce nad Ipľom,Levice,652
2776,Vyšná Boca,Liptovský Mikuláš,101
2777,Vyšná Hutka,Košice-okolie,493
2778,Vyšná Jablonka,Humenné,52
2779,Vyšná Jedľová,Svidník,183
2780,Vyšná Kamenica,Košice-okolie,323
2781,Vyšná Myšľa,Košice-okolie,966
2782,Vyšná Olšava,Stropkov,640
2783,Vyšná Pisaná,Svidník,68
2784,Vyšná Polianka,Bardejov,109
2785,Vyšná Rybnica,Sobrance,376
2786,Vyšná Sitnica,Humenné,355
2787,Vyšná Slaná,Rožňava,463
2788,Vyšná Šebastová,Prešov,1315
2789,Vyšná Voľa,Bardejov,393
2790,Vyšné Hágy,Poprad,366
2791,Vyšné Ladičkovce,Humenné,185
2792,Vyšné nad Hronom,Levice,174
2793,Vyšné Nemecké,Sobrance,241
2794,Vyšné Remety,Sobrance,415
2795,Vyšné Repaše,Levoča,89
2796,Vyšné Ružbachy,Stará Ľubovňa,1438
2797,Vyšné Valice,Rimavská Sobota,264
2798,Vyšný Čaj,Košice-okolie,279
2799,Vyšný Hrabovec,Stropkov,186
2800,Vyšný Hrušov,Humenné,505
2801,Vyšný Kazimír,Vranov nad Topľou,187
2802,Vyšný Klátov,Košice-okolie,450
2803,Vyšný Komárnik,Svidník,78
2804,Vyšný Kručov,Bardejov,156
2805,Vyšný Kubín,Dolný Kubín,787
2806,Vyšný Medzev,Košice-okolie,513
2807,Vyšný Mirošov,Svidník,598
2808,Vyšný Orlík,Svidník,363
2809,Vyšný Skálnik,Rimavská Sobota,142
2810,Vyšný Slavkov,Levoča,262
2811,Vyšný Tvarožec,Bardejov,121
2812,Vyšný Žipov,Vranov nad Topľou,1147
2813,Zábiedovo,Tvrdošín,868
2814,Záborie,Martin,168
2815,Záborské,Prešov,1003
2816,Zádiel,Liptovský Mikuláš,159
2817,Zádiel,Košice-okolie,159
2818,Zádor,Rimavská Sobota,150
2819,Zádubnie,Žilina,744
2820,Záhor,Sobrance,635
2821,Záhorce,Veľký Krtíš,653
2822,Záhorská Ves,Malacky,1870
2823,Záhradné,Prešov,1059
2824,Zacharovce,Rimavská Sobota,382
2825,Zákamenné,Námestovo,5510
2826,Zákopčie,Čadca,1759
2827,Zalaba,Levice,177
2828,Zálesie,Kežmarok,83
2829,Zálesie,Senec,2144
2830,Zalužice,Michalovce,1173
2831,Zamarovce,Trenčín,1141
2832,Zámutov,Vranov nad Topľou,3277
2833,Záriečie,Púchov,695
2834,Záskalie,Považská Bystrica,194
2835,Zástranie,Žilina,940
2836,Zatín,Trebišov,773
2837,Závada,Humenné,64
2838,Závada,Topoľčany,596
2839,Závada,Veľký Krtíš,460
2840,Závadka,Gelnica,627
2841,Závadka,Humenné,538
2842,Závadka,Michalovce,441
2843,Závadka nad Hronom,Brezno,2317
2844,Zavar,Trnava,2230
2845,Závažná Poruba,Liptovský Mikuláš,1268
2846,Závod,Malacky,2862
2847,Zázrivá,Dolný Kubín,2615
2848,Zbehňov,Trebišov,360
2849,Zbehy,Myjava,2249
2850,Zbehy,Nitra,2249
2851,Zboj,Snina,294
2852,Zbojné,Medzilaborce,165
2853,Zborov,Bardejov,3571
2854,Zborov nad Bystricou,Čadca,2215
2855,Zbrojníky,Levice,508
2856,Zbudská Belá,Medzilaborce,116
2857,Zbudské Dlhé,Humenné,761
2858,Zbudza,Michalovce,521
2859,Zbyňov,Žilina,873
2860,Zeleneč,Trnava,2576
2861,Zemianska Olča,Komárno,2308
2862,Zemianske Kostoľany,Prievidza,1752
2863,Zemianske Podhradie,Nové Mesto nad Váhom,774
2864,Zemianske Sady,Galanta,866
2865,Zemiansky Kvašov,Považská Bystrica,241
2866,Zemiansky Vrbovok,Krupina,84
2867,Zemné,Nové Zámky,2152
2868,Zemplín,Trebišov,368
2869,Zemplínska Nová Ves,Trebišov,863
2870,Zemplínska Široká,Michalovce,953
2871,Zemplínska Teplica,Trebišov,1754
2872,Zemplínske Hámre,Snina,1261
2873,Zemplínske Hradište,Trebišov,1154
2874,Zemplínske Jastrabie,Trebišov,652
2875,Zemplínske Kopčany,Michalovce,470
2876,Zemplínsky Branč,Trebišov,508
2877,Zemplínsky Klečenov,Trebišov,863
2878,Zlatá Baňa,Prešov,466
2879,Zlatá Idka,Košice-okolie,396
2880,Zlaté,Bardejov,774
2881,Zlaté Klasy,Dunajská Streda,3516
2882,Zlaté Moravce,Zlaté Moravce,11375
2883,Zlatná na Ostrove,Komárno,2364
2884,Zlatník,Vranov nad Topľou,74
2885,Zlatníky,Bánovce nad Bebravou,682
2886,Zlatno,Zlaté Moravce,211
2887,Zlatno,Poltár,472
2888,Zliechov,Ilava,592
2889,Zohor,Malacky,3380
2890,Zombor,Veľký Krtíš,145
2891,Zuberec,Tvrdošín,1835
2892,Zubné,Humenné,353
2893,Zubrohlava,Námestovo,2359
2894,Zvolen,Zvolen,42167
2895,Zvolenská Slatina,Zvolen,2832
2896,Zvončín,Trnava,864
2897,Žabokreky,Martin,1225
2898,Žabokreky nad Nitrou,Partizánske,1739
2899,Žakarovce,Gelnica,716
2900,Žakovce,Kežmarok,907
2901,Žalobín,Vranov nad Topľou,855
2902,Žarnov,Košice-okolie,418
2903,Žarnovica,Žarnovica,6170
2904,Žaškov,Dolný Kubín,1590
2905,Žbince,Michalovce,991
2906,Ždaňa,Košice-okolie,1416
2907,Ždiar,Poprad,1378
2908,Žehňa,Prešov,1270
2909,Žehra,Spišská Nová Ves,2498
2910,Železná Breznica,Zvolen,550
2911,Železník,Revúca,469
2912,Železník,Svidník,469
2913,Želiezovce,Levice,6746
2914,Želmanovce,Svidník,331
2915,Želovce,Veľký Krtíš,1215
2916,Žemberovce,Levice,1264
2917,Žemliare,Levice,151
2918,Žiar,Liptovský Mikuláš,468
2919,Žiar,Revúca,126
2920,Žiar nad Hronom,Žiar nad Hronom,18852
2921,Žibritov,Krupina,61
2922,Žihárec,Šaľa,1720
2923,Žikava,Zlaté Moravce,535
2924,Žilina,Žilina,80727
2925,Žilinská Lehota,Žilina,322
2926,Žíp,Rimavská Sobota,277
2927,Žipov,Prešov,303
2928,Žirany,Nitra,1351
2929,Žitavany,Zlaté Moravce,1869
2930,Žitavce,Nitra,396
2931,Žlkovce,Hlohovec,660
2932,Župčany,Prešov,1690
2933,Župkov,Žarnovica,873