"Obec, mesto, mestská časť",Meno a priezvisko,Skratka politického subjektu
Ábelová,Jaroslav Maslen,SMER-SD
Abovce,Irena Hanobiková,SMK-MKP
Abrahám,Igor Németh,SMER-SD
Abrahámovce,Ján Novotný,NEKA
Abrahámovce,Stanislav Lapko,NEKA
Abramová,Ľubomír Hrivnák,NEKA
Abranovce,Stanislav Volanský,NEKA
Adamovské Kochanovce,Michal Križan,NEKA
Adidovce,Milan Koromház,SMER-SD
Alekšince,Radoslav Ťapušík,NEKA
Andovce,Peter Puss,SMK-MKP
Andrejová,Tomáš Jurečko,NEKA
Ardanovce,Maroš Barta,SNS
Ardovo,Daniel Fábián,NEKA
Arnutovce,Zuzana Toporcerová,NEKA
Báb,Katarína Töröková,SMER-SD
Babie,Martina Hliboká,NEKA
Babín,Martin Matys,NEKA
Babiná,Jana Gregušová,SMER-SD
Babindol,Peter Ďurica,"MOST - HÍD, SMER-SD"
Babinec,Jaroslav Benda,SMER-SD
Bacúch,Michal Chovanec,NEKA
Bacúrov,Katarína Zlámalová,"SMER-SD, SNS"
Báč,Helena Vonyiková,NEKA
Bačka,Ladislav Kosztyu,NEKA
Bačkov,Jozef Nemčík,SMER-SD
Bačkovík,František Korečko,NEKA
Baďan,Ľubica Kuková,"SMER-SD, SNS"
Bádice,Stanislav Gál,SNS
Badín,Pavol Hric,NEKA
Báhoň,Ivan Patoprstý,KDH
Bajany,František Genco,"MOST - HÍD, ŠANCA"
Bajč,Oto Virág,MOST - HÍD
Bajerov,Vladimír Mruz,SMER-SD
Bajerovce,Michal Sekerák,SMER-SD
Bajka,Alojz Štrba,"SMER-SD, MOST - HÍD"
Bajtava,Jozef Benkó,NEKA
Baka,Juraj Bertalan,"MOST - HÍD, SMK-MKP"
Baláže,Róbert Chaban,NEKA
Baldovce,Jozef Mlynár,NEKA
Balog nad Ipľom,Peter Bálint,NEKA
Baloň,Frigyes Matus,SMK-MKP
Baňa,František Šlang,"SMER-SD, SNS"
Banka,Tatiana Julinyová,NEKA
Bánov,Miloš Rybár,NEKA
Bánovce nad Bebravou,Rudolfa Novotná,NEKA
Bánovce nad Ondavou,Ľudmila Ďurčáková,SMER-SD
Banská Belá,Branislav Babirád,SNS
Banská Bystrica,Ján Nosko,NEKA
Banská Štiavnica,Nadežda Babiaková,"SNS, SMER-SD, STRANA MODERNÉHO SLOVENSKA (SMS)"
Banské,Stanislav Maloš,SMER-SD
Banský Studenec,Pavol Santoris,SNS
Bara,Ľudovít Sütő,NEKA
Barca,Richard Szajko,MOST - HÍD
Bardejov,Boris Hanuščak,"SMER-SD, MOST - HÍD, SNS"
Bardoňovo,Tibor Černák,NEKA
Bartošova Lehôtka,Zlatica Groschová,NEKA
Bartošovce,Václav Hudák,KDH
Baška,Ján Serbin,"KDH, MOST - HÍD"
Baškovce,Pavol Tamáš,NOVA
Baškovce,Peter Báthory,NEKA
Bašovce,Ľubomír Dekan,NEKA
Batizovce,Gabriel Bodnár,NEKA
Bátka,Peter Hencz,MOST - HÍD
Bátorová,Ján Máth,NEKA
Bátorove Kosihy,Roland Labancz,SMK-MKP
Bátovce,Peter Burčo,"SMER-SD, MOST - HÍD, SNS"
Beckov,Daniel Hladký,NEKA
Beharovce,Zuzana Škotková,SNS
Becherov,Jozef Gmiterko,NEKA
Belá,Klaudia Pintérová,NEKA
Belá,Matúš Krajči,NEKA
Belá nad Cirochou,Ján Vajda,"SMER-SD, SNS"
Belá-Dulice,Igor Kapusta,NEKA
Beladice,Mário Žáčik,OKS
Belejovce,Marcel Sopoliga,NEKA
Belín,Ivan Očenáš,SMER-SD
Belina,Zoltán Marcinkó,SMK-MKP
Belince,Ľubomír Varga,SMER-SD
Bellova Ves,Mária Jankovičová,NEKA
Beloveža,Jozef Kostura,"MOST - HÍD, KDH"
Beluj,Monika Zlesíková,NEKA
Beluša,Ján Prekop,NEKA
Belža,Ondrej Pravda,SMER-SD
Beňadiková,Ján Martinovič,NEKA
Beňadikovce,Ladislav Šotík,SMER-SD
Beňadovo,Jaroslav Pepucha,KDH
Beňatina,Štefan Minčák,SMER-SD
Beniakovce,Miroslav Halás,ŠANCA
Benice,Milan Remšík,SMER-SD
Benkovce,Viera Pavlišková,SMER-SD
Beňuš,Katarína Srnková,SNS
Bernolákovo,Richard Červienka,NEKA
Bertotovce,Anton Leššo,KDH
Beša,Miroslav Černák,SMK-MKP
Beša,Alexander Kalán,SMK-MKP
Bešeňov,Gabriel Timoranský,NEKA
Bešeňová,Martin Baran,NEKA
Betlanovce,Zoltán Varga,"SaS, OBYČAJNÍ ĽUDIA a nezávislé osobnosti (OĽANO)"
Betliar,Ľubomír Zatroch,"Zmena zdola, DÚ, OBYČAJNÍ ĽUDIA a nezávislé osobnosti (OĽANO), KDH"
Bežovce,Luděk Hamšík,SMER-SD
Bidovce,Pavol Azari,NEKA
Biel,Ladislav Jurčák,MOST - HÍD
Bielovce,Irena Skladanová,"MOST - HÍD, SMER-SD"
Biely Kostol,Iveta Paulová,NEKA
Bijacovce,Ján Pivovarniček,KDH
Bílkove Humence,Rastislav Nemečkay,SMER-SD
Bíňa,Szabolcs Kremmer,NEKA
Bíňovce,Marián Novák,NEKA
Biskupice,Ladislav Noskó,SMK-MKP
Biskupová,Stanislav Knížat,SNS
Bitarová,Juraj Drdák,NEKA
Blahová,Alfréd Kuczman,NEKA
Blatná na Ostrove,Terézia Földváryová,NEKA
Blatná Polianka,Michal Kontra,SMER-SD
Blatné,Rastislav Pero,NEKA
Blatné Remety,Ľuboš Sliško,NEKA
Blatné Revištia,Gabriel Seman,SMER-SD
Blatnica,Karol Čičmanec,NEKA
Blažice,Juraj Gmitro,NEKA
Blažovce,Marek Chorváth,NEKA
Blesovce,,
Blhovce,Juraj Csörnök,SMK-MKP
Bobot,Danka Ďuriačová,SMER-SD
Bobrov,Anton Grobarčík,SMER-SD
Bobrovček,Ladislav Staroň,NEKA
Bobrovec,Ladislav Sedlák,"KDH, OBYČAJNÍ ĽUDIA a nezávislé osobnosti (OĽANO), SaS"
Bobrovník,Jana Bažíková,NEKA
Bočiar,Elena Szabóová,NEKA
Bodíky,Tamás Világi,SMK-MKP
Bodiná,Marcela Filová,NEKA
Bodorová,Jana Pagáčová,SNS
Bodovce,František Jusko,SMER-SD
Bodružal,Dušan Zelizňák,SMER-SD
Bodza,Zuzana Fitosová,MOST - HÍD
Bodzianske Lúky,Monika Aradi,SMK-MKP
Bogliarka,Jozef Pavličko,SMER-SD
Bohdanovce,Marta Gamrátová,SMER-SD
Bohdanovce nad Trnavou,Miroslav Sučák,NEKA
Boheľov,Mária Kázmérová,SMK-MKP
Bohunice,Peter Hajdúch,NEKA
Bohunice,Vladimíra Rišková,NEKA
Bohúňovo,Ágnes Takács,SMK-MKP
Bojná,Jozef Stankovský,NEKA
Bojnice,František Tám,"SMER-SD, SNS"
Bojničky,Igor Bojnanský,SMER-SD
Boľ,Atila Bohács,MKDA-MKDSZ
Boldog,Peter Múčka,NEKA
Boleráz,Pavol Mackovčín,NEKA
Bolešov,Martin Rác,"SZ, Progresívne Slovensko"
Boliarov,František Hlavatý,SMER-SD
Boľkovce,Ladislav Vanko,SMER-SD
Borcová,Marcela Pavlásková,NEKA
Borčany,Jaroslav Kopčan,SMER-SD
Borčice,Ľubica Hasidlová,SMER-SD
Borinka,Miroslav Paulen,NEKA
Borová,Blanka Matovičová,NEKA
Borovce,Ivan Šiška,NEKA
Borský Mikuláš,Róbert Macek,NEKA
Borský Svätý Jur,Anna Kratochvílová,NEKA
Borša,Anna Tünde Vargová,NEKA
Bory,Štefan Mirják,NEKA
Bošáca,Daniel Juráček,NEKA
Bošany,Branislav Pajda,NEKA
Boťany,Dionýz Szabó,NEKA
Bottovo,Andrea Baláková,NEKA
Bôrka,Vojtech Ičo,SMK-MKP
Bracovce,Ivana Kolesnáčová,NEKA
Branovo,Andrea Šulíková,NEKA
Bratislava,Matúš Vallo,"Progresívne Slovensko, SPOLU"
Braväcovo,Peter Baliak,SKS
Brdárka,Jaroslav Hric Jančo,"NÁRODNÁ KOALÍCIA, MOST - HÍD"
Brehov,Marek Balog,NEKA
Brehy,Juraj Tencer,SMER-SD
Brekov,Radoslav Nemec,NEKA
Brestov,Jozef Šoltés,SMER-SD
Brestov,Ľudmila Nováková,NEKA
Brestov nad Laborcom,Ján Zubaľ,SMER-SD
Brestovany,Ondrej Kuhajda,NEKA
Brestovec,Dušan Duga,NEKA
Brestovec,Peter Tóth,MOST - HÍD
Bretejovce,Pavel Mylan,NEKA
Bretka,Anna Giczeiová,SMK-MKP
Breza,Ladislav Matejčík,NEKA
Brezany,Iveta Brezianská,NEKA
Brezina,Mária Baloghová,SMER-SD
Breziny,Ján Šatara,NEKA
Breznica,Slavomír Brendza,SNS
Breznička,Monika Leľová,NEKA
Breznička,Branislav Knechta,NEKA
Brezno,Tomáš Abel,NEKA
Brezolupy,Iveta Rosová,SMER-SD
Brezov,Ladislav Lukáč,KDH
Brezová pod Bradlom,Jaroslav Ciran,NEKA
Brezovec,Miroslav Solomon,SNS
Brezovica,Jozef Hodoši,NEKA
Brezovica,Marián Ujmiak,KDH
Brezovička,Peter Tomčufčík,KDH
Brezovka,Peter Bučko,KDH
Brhlovce,Danuše Francisciová,"SMER-SD, MOST - HÍD"
Brieštie,Žaneta Lichnerová,SMER-SD
Brodské,Anna Krídlová,NEKA
Brodzany,Anton Zima,SMER-SD
Brunovce,Stanislava Zervanová,ĽS Naše Slovensko
Brusnica,Tatiana Szabóová,"SMER-SD, SNS"
Brusník,Jaroslav Kalmár,SMER-SD
Brusno,Jozef Šimeček,KDH
Brutovce,Mária Petreková,SMER-SD
Bruty,Alexander Hubač,MOST - HÍD
Brvnište,Dagmar Mikudíková,"SMER-SD, SNS"
Brzotín,Tibor Garay,NEKA
Buclovany,Michaela Sabolová,NEKA
Búč,Ján Karkó,NEKA
Bučany,Rastislav Kurinec,NEKA
Budča,František Moravec,SMER-SD
Budikovany,Martina Kožiaková,NEKA
Budimír,Vojtech Staňo,SMER-SD
Budiná,Marian Čerpák,"SMER-SD, SNS, DOMA DOBRE"
Budince,Lóránt Juhász,MOST - HÍD
Budiš,Ivana Erteľová,SMER-SD
Budkovce,Ján Lörinc,NEKA
Budmerice,Jozef Savkuliak,NEKA
Buglovce,Vincent Koňak,"SMER-SD, SNS, MOST - HÍD"
Buková,Miloš Herceg,SMER-SD
Bukovce,Jaroslav Palička,"SMER-SD, SNS"
Bukovec,Marcela Pavesková,STAROSTOVIA A NEZÁVISLÍ KANDIDÁTI
Bukovec,Lýdia Mikulová,NEKA
Bukovina,Viera Maršalková,SMER-SD
Bulhary,Dezider Szakó,SMK-MKP
Bunetice,Peter Taiš,SMER-SD
Bunkovce,Václav Ličko,KDH
Bušince,Zoltán Végh,MOST - HÍD
Bušovce,Daniel Jurek,NEKA
Buzica,Jozef Mohňanský,SMK-MKP
Bystrá,Marian Alberty,NEKA
Bystrá,Miroslav Korečko,SMER-SD
Bystrany,František Žiga,SRK
Bystré,Ľubomír Hreha,"SMER-SD, SNS"
Bystričany,Filip Lukáč,NEKA
Bystrička,Zdenka Maršalová,NEKA
Byšta,Radoslav Palinský,NEKA
Bytča,Miroslav Minárčik,SMER-SD
Bzenica,Marek Kováč,STAROSTOVIA A NEZÁVISLÍ KANDIDÁTI
Bzenov,Štefan Rafajlovič,SPOLU
Bzince pod Javorinou,Dušan Málik,NEKA
Bziny,Miriam Mokošová,NEKA
Bzovík,Boris Sedmák,NEKA
Bzovská Lehôtka,Martin Kubík,SNS
Bžany,Ladislav Vrabeľ,SNS
Cabaj-Čápor,Jozef Ligač,SMER-SD
Cabov,Viliam Popaďák,"SMER-SD, SNS"
Cakov,Karol Bari,MOST - HÍD
Cejkov,Ladislav Slovjak,"SMER-SD, MOST - HÍD"
Cernina,Helena Madzinová,"SMER-SD, MOST - HÍD"
Cerová,Ján Čerešník,NEKA
Cerovo,Margita Boďová,"SMER-SD, SNS, STRANA MODERNÉHO SLOVENSKA (SMS)"
Cestice,Róbert Grešo,SMER-SD
Cífer,Maroš Sagan,NEKA
Cigeľ,Štefan Mjartan,SMER-SD
Cigeľka,Ľudovít Kravec,"MOST - HÍD, SMER-SD, SNS"
Cigla,Ján Bodrucký,MOST - HÍD
Cimenná,Peter Vanek,SNS
Cinobaňa,Jozef Melicher,NEKA
Čab,Jozef Mikuška,NEKA
Čabalovce,Helena Zjanová,SMER-SD
Čabiny,Milan Moroz,SMER-SD
Čabradský Vrbovok,Ján Sliacky,SNS
Čadca,Milan Gura,NEKA
Čachtice,Erika Ondrejková,NEKA
Čajkov,Miloš Seneši,NEKA
Čaka,Ludovít Viglaš,"SMER-SD, MOST - HÍD, SNS"
Čakajovce,Milan Greguš,"SNS, SMER-SD"
Čakanovce,Emil Imro,SMER-SD
Čakanovce,Vojtech Bodor,"SMER-SD, MOST - HÍD"
Čakany,Lívia Bugárová,NEKA
Čaklov,Andrej Dragula,SMER-SD
Čalovec,Zoltán Molnár,NEKA
Čamovce,Adrián Karkusz,NEKA
Čaňa,Michal Rečka,SMER-SD
Čaradice,Vladislav Uličný,SMER-SD
Čáry,Martin Královič,NEKA
Častá,Robert Lederleitner,NEKA
Častkov,Eva Černeková,NEKA
Častkovce,Dušan Bublavý,SMER-SD
Čata,Marian Csákvári,SMK-MKP
Čataj,Marta Tušová,NEKA
Čavoj,Anna Gulášová,SMER-SD
Čebovce,Henrik Tóth,SMK-MKP
Čečehov,Stanislav Mráz,"SMER-SD, SNS"
Čečejovce,Lukáš Macák,NEKA
Čechy,Jozef Baranovič,SMER-SD
Čechynce,Róbert Kupeček,NEKA
Čekovce,Milan Gregáň,ŠANCA
Čeľadice,Anton Laca,SMER-SD
Čeľadince,Daniel Hučko,SMER-SD
Čeláre,Vojtech Ádám,MOST - HÍD
Čelkova Lehota,Juraj Čelko,SMER-SD
Čelovce,Ján Kožlej,SMER-SD
Čelovce,Ján Petroch,SMER-SD
Čeľovce,Jana Sabóvá,KDH
Čenkovce,Jozef Karika,NEKA
Čereňany,Richard Masný,NEKA
Čerenčany,Zuzana Študencová,NEKA
Čerhov,Jaroslav Bajužik,NEKA
Čerín,Pavel Kmeť,SMER-SD
Čermany,Radovan Bobula,"SNS, SMER-SD"
Černík,Peter Stuchlý,NEKA
Černina,Silvia Žinčáková,SMER-SD
Černochov,Angela Kálmánová,SMER-SD
Čertižné,Peter Tričák,SMER-SD
Červená Voda,Pavol Džačovský,SMER-SD
Červeňany,Radoslav Palášthy,SMER-SD
Červenica,Martin Husár,NAJ
Červenica pri Sabinove,Pavol Spodník,SMER-SD
Červeník,Marián Mihálik,SMER-SD
Červený Hrádok,Miroslav Kráľ,NEKA
Červený Kameň,Alena Geregová,NEKA
Červený Kláštor,Štefan Džurný,SMER-SD
Čičarovce,Vincent Hajdók,SMK-MKP
Čičava,Dušan Vilenik,"SNS, KDH"
Čičmany,Iveta Michalíková,SNS
Číčov,Csaba Földes,SMK-MKP
Čierna,Ladislav Jámbor,MOST - HÍD
Čierna Lehota,Dušan Horák,SNS
Čierna Lehota,Iveta Potočná,"NÁRODNÁ KOALÍCIA, MOST - HÍD"
Čierna nad Tisou,Marta Vozáriková,MOST - HÍD
Čierna Voda,Zuzana Csadyová,MOST - HÍD
Čierne,Pavol Gomola,"SNS, KDH"
Čierne Kľačany,Milan Švec,SMER-SD
Čierne nad Topľou,Vladislav Dvorjak,SNS
Čierne Pole,Vladimír Vinco,NEKA
Čierny Balog,František Budovec,NEKA
Čierny Brod,,
Čierny Potok,Svetlana Šufliarska,SMER-SD
Čifáre,Július Czapala,NEKA
Čiližská Radvaň,Erzsébet Janík,SMK-MKP
Čimhová,Daniela Tretinová,NEKA
Čirč,Michal Didik,NEKA
Číž,Július Tkáč,MOST - HÍD
Čižatice,Stanislav Matta,NEKA
Čoltovo,Ján Hubay,MOST - HÍD
Čremošné,Zuzana Chorváthová,NEKA
Čučma,Alexander Szöllös,NEKA
Čukalovce,Ľuboš Cima,NEKA
Ďačov,Anton Cuprák,KDH
Dačov Lom,Štefan Škraban,SMER-SD
Daletice,Daniel Ščavnický,SMER-SD
Danišovce,Miroslav Výrostek,SNS
Ďanová,Miroslav Ďanovský,NEKA
Ďapalovce,Ján Cmár,SMER-SD
Dargov,Ján Kiš,NEKA
Davidov,Jozef Vaľko,SMER-SD
Debraď,Adrianna Gergely Papp,SMK-MKP
Dedačov,Peter Pichoňský,"SMER-SD, SNS"
Dedina Mládeže,Gabriela Gönczölová,MOST - HÍD
Dedinka,Viera Belanová,SMER-SD
Dedinky,Milan Červenka,NEKA
Dechtice,Karol Zachar,SMER-SD
Dekýš,Jozef Bucha,"SMER-SD, SNS"
Demandice,Attila Kürthy,MOST - HÍD
Demänovská Dolina,Ľubomíra Klepáčová,NEKA
Demjata,Vladislav Bašista,SMER-SD
Detrík,Ľubica Voľanská,SMER-SD
Detva,Ján Šufliarský,NEKA
Detvianska Huta,Pavel Šulek,"SaS, OBYČAJNÍ ĽUDIA a nezávislé osobnosti (OĽANO), SME RODINA - Boris Kollár"
Devičany,Dana Lančaričová,SNS
Devičie,Ján Baláž,"SMER-SD, SNS, STRANA MODERNÉHO SLOVENSKA (SMS)"
Dežerice,Ladislav Chudoba,SMER-SD
Diaková,Miroslav Haverla,NEKA
Diakovce,Kristína Jakócsová,NEKA
Diviacka Nová Ves,Ivan Kohút,NEKA
Diviaky nad Nitricou,Vladimír Pružinec,NEKA
Divín,Pavel Drugda,NEKA
Divina,Martin Fronc,NEKA
Divinka,Michal Krško,NEKA
Dlhá,Peter Fandl,NEKA
Dlhá nad Kysucou,Helena Dzurinová,"SMER-SD, SNS"
Dlhá nad Oravou,Ján Kamas,NEKA
Dlhá nad Váhom,Pavol Tóth,NEKA
Dlhá Ves,Tomáš Novák,NEKA
Dlhé Klčovo,Ľubica Zubková,NEKA
Dlhé nad Cirochou,Ján Kníž,"SMER-SD, MOST - HÍD"
Dlhé Pole,Dana Veveričíková,"SMER-SD, SNS"
Dlhé Stráže,Zdena Jurčíková,KDH
Dlhoňa,Jaroslav Sadiv,SMER-SD
Dlžín,František Adamec,NEKA
Dobrá,Mikuláš Csoma,MOST - HÍD
Dobrá Niva,Milan Jakubík,NEKA
Dobrá Voda,René Blanárik,SMER-SD
Dobroč,Miroslav Remeník,NEKA
Dobrohošť,Jozef Boráros,"MOST - HÍD, SMER-SD, SMK-MKP"
Dobroslava,Vladimír Vančišin,SPOLU
Dobšiná,Ján Slovák,"Zmena zdola, DÚ, OBYČAJNÍ ĽUDIA a nezávislé osobnosti (OĽANO), KDH, SME RODINA - Boris Kollár"
Dohňany,Milan Panáček,SMER-SD
Dojč,Slavomíra Melišová,NEKA
Doľany,Jozef Mruškovič,NEKA
Doľany,Štefan Kamenický,SMER-SD
Dolinka,Zsolt Régi,SMK-MKP
Dolná Breznica,Lukáš Pekara,NEKA
Dolná Krupá,Marek Dekan,NEKA
Dolná Lehota,Viera Hudíková,SMER-SD
Dolná Mariková,Peter Šujak,NEKA
Dolná Mičiná,Oto Hudec,NEKA
Dolná Poruba,Miroslav Kopčan,SNS
Dolná Seč,Zdenka Furdová,NEKA
Dolná Streda,Ľuboš Šúry,SMER-SD
Dolná Strehová,Ľuboslav Dobrocký,"SPOLU, KDH"
Dolná Súča,Rudolf Pleva,NEKA
Dolná Tižina,Ľubica Ďuricová,NEKA
Dolná Trnávka,Katarína Lajčiaková,NEKA
Dolná Ves,Milan Pračko,NEKA
Dolná Ždaňa,Andrea Murgašová,SMER-SD
Dolné Kočkovce,Martin Dolinský,NEKA
Dolné Lefantovce,Miloslav Krajčík,SMER-SD
Dolné Lovčice,Tomáš Bartovič,"SMER-SD, SNS"
Dolné Mladonice,Adam Alakša,NEKA
Dolné Naštice,Ľubomíra Kasalová,NEKA
Dolné Obdokovce,Marián Paulisz,NEKA
Dolné Orešany,Juliana Belicová,NEKA
Dolné Otrokovce,Ján Maršala,NEKA
Dolné Plachtince,Cyril Bartók,SMER-SD
Dolné Saliby,Ľudovít Kovács,SMK-MKP
Dolné Semerovce,Milan Rafael,NEKA
Dolné Srnie,Juraj Hamaj,SMER-SD
Dolné Strháre,Gabriela Hudecová,"SMER-SD, SNS"
Dolné Trhovište,Stanislava Zacharová,KDH
Dolné Vestenice,Kvetoslava Šimorová,SPOLU
Dolné Zahorany,Izabela Mezőová,SMK-MKP
Dolné Zelenice,Dagmar Jakubcová,SMER-SD
Dolný Badín,Mária Jaďuďová,"SMER-SD, SNS, STRANA MODERNÉHO SLOVENSKA (SMS)"
Dolný Bar,Oskár Bereczk,"SMK-MKP, MOST - HÍD, SMER-SD"
Dolný Harmanec,,
Dolný Hričov,Peter Zelník,NEKA
Dolný Chotár,František Dora,MOST - HÍD
Dolný Kalník,Iveta Balšianková,NEKA
Dolný Kubín,Ján Prílepok,NEKA
Dolný Lieskov,Ján Križan,"SMER-SD, SNS"
Dolný Lopašov,Mário Beblavý,NEKA
Dolný Ohaj,Ivan Solár,NEKA
Dolný Pial,Róbert Potocký,"SMER-SD, MOST - HÍD"
Dolný Štál,Tomáš Horváth,"MOST - HÍD, SMK-MKP"
Dolný Vadičov,Miroslava Ondreášová,SMER-SD
Domadice,Antónia Foltánová,"SMER-SD, MOST - HÍD"
Domaníky,Mária Mozolová,NEKA
Domaniža,František Matušík,"SMER-SD, SNS, SZ"
Domaňovce,Martina Bednárová,NEKA
Donovaly,Miroslav Daňo,NEKA
Drábsko,Martina Grgačová Kocová,SNS
Drahňov,Tibor Jasovsky,NEKA
Drahovce,Miroslav Ledecký,NEKA
Dravce,Peter Faltin,SNS
Dražice,Krisztián Kovács,"SMK-MKP, MOST - HÍD"
Dražkovce,Eva Gáborová,NEKA
Drážovce,Renáta Mrázová,SMER-SD
Drienčany,Peter Švoňava,SNS
Drienica,Igor Birčák,SMER-SD
Drienov,Peter Tomko,KDH
Drienovec,Tibor Kočiš,NEKA
Drienovo,Ivana Drígeľová,SMER-SD
Drienovská Nová Ves,Ján Brozman,KDH
Drietoma,Jaroslav Mego,SMER-SD
Drňa,Endre Vincze,MOST - HÍD
Drnava,Tibor Balázs,NEKA
Družstevná pri Hornáde,Ján Juhás,"KDH, SPOLU"
Drženice,Slavomír Baláž,"SMER-SD, MOST - HÍD, SNS"
Držkovce,Mária Duszová,NEKA
Ďubákovo,Miroslav Škrabák,"SMER-SD, SNS"
Dubinné,Milan Hudák,NEKA
Dubnica nad Váhom,Peter Wolf,NEKA
Dubnička,Jozef Petrek,SMER-SD
Dubník,Jozef Ostrodický,NEKA
Dubodiel,Anton Prechádzka,NEKA
Dubová,Ľudovít Ružička,NEKA
Dubová,Miloš Vaňušaník,"SNS, MOST - HÍD, SME RODINA - Boris Kollár"
Dubovany,Miroslav Michalčík,NEKA
Dubovce,Dana Dorothea Mikulová,NEKA
Dubové,Milan Lettrich,NEKA
Dubové,Anna Janovicová,"SMER-SD, SNS"
Dubovec,Annamária Gotlíbetová,SMK-MKP
Dubovica,Ladislav Timčo,SMER-SD
Dúbrava,Vladimír Janičina,NEKA
Dúbrava,Ondrej Hovančík,NEKA
Dúbrava,František Šimon,SNS
Dúbravica,Janka Slobodníková,SMER-SD
Dúbravka,Stanislav Bajužik,NEKA
Dúbravy,Elena Grňová,"SMER-SD, SNS"
Ducové,Mária Koláriková,SMER-SD
Dudince,Dušan Strieborný,"SMER-SD, SNS"
Dukovce,Jozef Bodnár,SNS
Dulov,Jozef Šamaj,NEKA
Dulova Ves,Barbora Ježiková,NEKA
Dulovce,Andrej Hamran,NEKA
Dulovo,Katarína Balážová,MOST - HÍD
Dunajov,Milada Chlastáková,NEKA
Dunajská Lužná,Štefan Jurčík,NEKA
Dunajská Streda,Zoltán Hájos,SMK-MKP
Dunajský Klátov,Mária Csibová,"MOST - HÍD, SMK-MKP"
Duplín,Jozef Potoma,"KDH, SaS"
Ďurčiná,Martina Bohušová,NEKA
Ďurďoš,Miroslav Mikeľ,SME RODINA - Boris Kollár
Ďurďošík,Iveta Hadašová,KDH
Ďurďové,Anton Ondrásky,NEKA
Ďurkov,Ondrej Valik,NEKA
Ďurková,Ivana Opinová,KDH
Ďurkovce,Eva Egryová,"MOST - HÍD, SMK-MKP"
Dvorany nad Nitrou,František Košecký,NEKA
Dvorec,Eva Srncová,SMER-SD
Dvorianky,Gabriel Čverčko,SMER-SD
Dvorníky,Maroš Nemeček,NEKA
Dvorníky-Včeláre,Csaba Simkó,SMK-MKP
Dvory nad Žitavou,Branislav Becík,NEKA
Egreš,Gabriela Timková,SMER-SD
Fačkov,Miroslav Čerňanec,"KDH, SNS"
Falkušovce,Michal Bodnár,SMER-SD
Farná,Vlasta Csomorová,SMK-MKP
Fekišovce,Miloslava Fedorová,SMER-SD
Figa,Tibor Sklenárik,NEKA
Fijaš,Jana Tchuriková,SMER-SD
Fiľakovo,Attila Agócs,MOST - HÍD
Fiľakovské Kováče,Michal Muránsky,NEKA
Fintice,Terézia Gmitrová,NEKA
Folkušová,Milan Sopóci,NEKA
Forbasy,Michal Hanečák,"SMER-SD, KSS"
Frička,Martin Sivák,SPOLU
Fričkovce,Matej Straka,SMER-SD
Fričovce,Ján Mikula,"KDH, SPOLU"
Fulianka,Miroslav Leško,NEKA
Gabčíkovo,Iván Fenes,SMK-MKP
Gaboltov,Martin Ceľuch,KDH
Gajary,Martin Rybecký,"SaS, OBYČAJNÍ ĽUDIA a nezávislé osobnosti (OĽANO), SME RODINA - Boris Kollár, NOVA"
Galanta,Peter Paška,NEKA
Galovany,Miroslav Kubáň,NEKA
Gáň,Denisa Ivančíková,NEKA
Gánovce,Michal Materný,NEKA
Gbeľany,Jozef Martinček,NEKA
Gbelce,František Szőcs,NEKA
Gbely,Jozef Hazlinger,NEKA
Geča,Patrik Rusňák,SMER-SD
Gelnica,Dušan Tomaško,NEKA
Gemer,Zoltán Jankóšik,MOST - HÍD
Gemerček,Zoltán Kišantal,SMK-MKP
Gemerská Hôrka,Tibor Balázs,MOST - HÍD
Gemerská Panica,Michal Fedor,"SME RODINA - Boris Kollár, KDH"
Gemerská Poloma,Lillian Bronďošová,NEKA
Gemerská Ves,Monika Lévaiová,MOST - HÍD
Gemerské Dechtáre,Ondrej Borbáš,MOST - HÍD
Gemerské Michalovce,Levente Hubay,SMK-MKP
Gemerské Teplice,Laura Durančíková,SMER-SD
Gemerský Jablonec,Július Agócs,SMK-MKP
Gemerský Sad,Vojtech Pataki,NEKA
Geraltov,Vladimír Tejiščák,SME RODINA - Boris Kollár
Gerlachov,Ondrej Ševcov,SMER-SD
Gerlachov,Ján Hroboň,NEKA
Giglovce,Zuzana Bochová,SMER-SD
Giraltovce,Ján Rubis,"SMER-SD, MOST - HÍD"
Glabušovce,Štefan Chudý,NEKA
Gočaltovo,Jarmila Pavlíková,NEKA
Gočovo,Milan Mlynár,SNS
Golianovo,Ľuboš Kolárik,SMER-SD
Gortva,Gejza Balog,NEKA
Gôtovany,Jozef Cút,NEKA
Granč-Petrovce,Peter Pitoňák,"SNS, SMER-SD"
Gregorova Vieska,Renata Hrnčiarová,SMER-SD
Gregorovce,Slavomíra Daráková,NEKA
Gribov,Štefan Mulik,"SMER-SD, SNS"
Gruzovce,Martin Petík,SMER-SD
Gyňov,Denisa Vargová,SMER-SD
Habovka,Alojz Lajčin,NEKA
Habura,Michal Prejsa,NEKA
Hačava,Peter Gábor,NEKA
Háj,Július Farkas,MOST - HÍD
Háj,Erika Herčúthová,NEKA
Hajná Nová Ves,Ľuboš Koma,SMER-SD
Hajnáčka,Ivan Poprocký,SMK-MKP
Hájske,Jaroslav Bennár,NEKA
Hajtovka,Pavol Nosek,SNS
Haláčovce,Zuzana Mokryšová,NEKA
Halič,Alexander Udvardy,NEKA
Haligovce,Monika Bjalončíková,KDH
Haluzice,Miloš Madila,SMER-SD
Hamuliakovo,Ludmila Goldbergerová,NEKA
Handlová,Silvia Grúberová,NEKA
Hanigovce,Alena Havrilová,SMER-SD
Haniska,Ladislav Šimkovič,NEKA
Haniska,Miloš Barcal,NEKA
Hanková,Matilda Jakubíková,SMER-SD
Hankovce,Ľudmila Veľasová,KDH
Hankovce,Ján Grega-Jakub,NEKA
Hanušovce nad Topľou,Štefan Straka,NEKA
Harhaj,Maroš Jantek,KDH
Harichovce,Miloš Augustiňák,NEKA
Harmanec,Henrieta Ivanová,NEKA
Hatalov,Vladimír Kováč,SMER-SD
Hatné,Iveta Žilovcová,NEKA
Havaj,Stanislav Viňarský,"SMER-SD, SNS"
Havka,Pavol Jabrocký,NEKA
Havranec,Milan Ščerba,"SNS, MOST - HÍD, SME RODINA - Boris Kollár"
Hažín,Marianna Šimková,SMER-SD
Hažín nad Cirochou,Július Buček,SMER-SD
Hažlín,František Olah,SMER-SD
Helcmanovce,Tibor Theis,NEKA
Heľpa,Peter Hyriak,NEKA
Henckovce,Viera Nemcová,SNS
Henclová,Lýdia Šomšáková,SMER-SD
Hencovce,Matúš Tomáš,NEKA
Hendrichovce,Martin Martaus,KDH
Herľany,Slavomír Rusnák,NEKA
Hermanovce,Lukáš Grejták,"SMER-SD, SNS"
Hermanovce nad Topľou,Martin Ivan,ŠANCA
Hertník,Jozef Semanek,"NOVA, SNS, KDH"
Hervartov,Miroslav Mackanič,NEKA
Hiadeľ,Ondrej Snopko,NEKA
Hincovce,Anna Filipová,SNS
Hladovka,Marián Brnušák,NEKA
Hlboké,Miloš Čobrda,NEKA
Hlboké nad Váhom,Karina Holešová,NEKA
Hliník nad Hronom,Vladimír Mikuláš,NEKA
Hlinné,Milena Naštová Hladová,"SMER-SD, SNS"
Hlivištia,Miroslav Džuba,NEKA
Hlohovec,Miroslav Kollár,NEKA
Hniezdne,Viktor Selep,SMER-SD
Hnilčík,Ľubomír Kačír,SMER-SD
Hnilec,Otokár Jeremiaš,KDH
Hnojné,Helena Kráľová,SMER-SD
Hnúšťa,Roman Lebeda,NEKA
Hodejov,Katarína Jakabová,SMK-MKP
Hodejovec,Zoltán Kovács,NEKA
Hodkovce,Gabriel Sobota,NEKA
Hodruša-Hámre,Jozef Uram,NEKA
Hokovce,Juraj Kis,SMK-MKP
Holčíkovce,Michal Flešár,NEKA
Holiare,Juraj Kürthy,SMK-MKP
Holice,Ľudovít Iván,NEKA
Holíč,Zdenko Čambal,NEKA
Holiša,Karol Ferencz,"MOST - HÍD, SMER-SD"
Holumnica,Jana Tureková,NEKA
Honce,Robert Hlaváč,NEKA
Hontianska Vrbica,Karol Pilinský,"MOST - HÍD, SNS"
Hontianske Moravce,Rudolf Gabryš,NEKA
Hontianske Nemce,Jozef Nemec,NEKA
Hontianske Tesáre,Dana Kohútová,NEKA
Hontianske Trsťany,Jozef Gálus,SNS
Horňa,Ján Varga,NEKA
Horná Breznica,Tibor Mičko,NEKA
Horná Kráľová,Emil Rábek,NEKA
Horná Krupá,Ľuboš Hačko,SPOLU
Horná Lehota,,
Horná Lehota,Vladimír Bušniak,"SaS, OBYČAJNÍ ĽUDIA a nezávislé osobnosti (OĽANO)"
Horná Mariková,Miroslav Hamar,"SMER-SD, SNS"
Horná Mičiná,Ivan Lenár,NEKA
Horná Poruba,Milan Staňo,SNS
Horná Potôň,Tivadar Sidó,NEKA
Horná Seč,Edita Moravská,SaS
Horná Streda,Ľubomír Krajňanský,SMER-SD
Horná Strehová,Jana Kukučková,"SMER-SD, SNS, MOST - HÍD"
Horná Súča,Juraj Ondračka,NEKA
Horná Štubňa,Ondrej Piški,NEKA
Horná Ves,Jozef Hrotek,SMER-SD
Horná Ves,Simona Holicová,SMER-SD
Horná Ždaňa,Alena Bugárová,SMER-SD
Horňany,Stanislav Jurák,NEKA
Horné Dubové,Ján Hrčka,NEKA
Horné Hámre,Milan Mokrý,NEKA
Horné Chlebany,Jozef Ladický,SMER-SD
Horné Lefantovce,Martin Cibula,NEKA
Horné Mladonice,Erika Korčoková,SMER-SD
Horné Mýto,Andrej Puss,MOST - HÍD
Horné Naštice,Jozef Hedera,KDH
Horné Obdokovce,Marián Beneš,SNS
Horné Orešany,Jarmila Petrovičová,NEKA
Horné Otrokovce,Eva Kukučková,SMER-SD
Horné Plachtince,Ladislav Nozdrovický,SMER-SD
Horné Pršany,Ivan Dobrota,NEKA
Horné Saliby,Pavol Dobosy,MOST - HÍD
Horné Semerovce,Tomáš Pásztor,NEKA
Horné Srnie,Jozef Húserka,NEKA
Horné Strháre,Richard Kurec,SNS
Horné Štitáre,Martin Fulka,NEKA
Horné Trhovište,Tibor Veľký,"SMER-SD, SNS"
Horné Turovce,Peter Varga,NEKA
Horné Vestenice,Pavol Foltán,NEKA
Horné Zahorany,Zuzana Vysokaiová,SNS
Horné Zelenice,Viera Darivčaková,SPOLU
Horný Badín,Mária Hnilicová,KDH
Horný Bar,Štefan Bodó,NEKA
Horný Hričov,Dušan Ďuríček,NEKA
Horný Kalník,Stanislav Rohoň,NEKA
Horný Lieskov,Andrej Torda,NEKA
Horný Pial,Ľudovít Húdik,"SNS, SMER-SD, MOST - HÍD"
Horný Tisovník,Ján Kľuka,"SMER-SD, SNS"
Horný Vadičov,Miroslav Káčerík,NEKA
Horovce,Erik Timko,SMER-SD
Horovce,Milan Velas,NEKA
Hoste,Ľuboš Karel,SNS
Hostice,František Rácz,"SMER-SD, MOST - HÍD"
Hostie,Peter Štepianský,SNS
Hostišovce,Viera Sakálová,SNS
Hosťová,Miroslav Brath,"MOST - HÍD, SMER-SD"
Hosťovce,Tibor Béres,SMK-MKP
Hosťovce,Silvia Kukučková,NEKA
Hostovice,Peter Čopák,SNS
Hozelec,Jozef Pavligovský,SMER-SD
Hôrka,Helena Mihalčinová,NEKA
Hôrka nad Váhom,Eva Sevaldová,NEKA
Hôrky,Erika Mojáková,NEKA
Hrabičov,Ján Adámik,SMER-SD
Hrabkov,Jaroslav Hovančák,"SMER-SD, SNS"
Hrabová Roztoka,Darina Labaničová,SMER-SD
Hrabovčík,Sergej Vasilenko,"SMER-SD, SNS, MOST - HÍD"
Hrabovec,Jozef Maxin,NEKA
Hrabovec nad Laborcom,Anton Kulan,KDH
Hrabovka,Eva Mráziková,NEKA
Hrabské,Ján Kolcun,NEKA
Hrabušice,Jana Skokanová,KDH
Hradisko,Stanislava Kellnerová,SMER-SD
Hradište,Miloš Baránik,"SNS, SMER-SD"
Hradište,Nataša Iskrová,SMER-SD
Hradište pod Vrátnom,Lukáš Piroha,NEKA
Hrádok,Rastislav Beňo,SMER-SD
Hrachovište,Ivan Kolník,SMER-SD
Hrachovo,Ondrej Knechta,SMER-SD
Hraň,Miriam Sabovčiková,SME RODINA - Boris Kollár
Hraničné,Miroslav Pokrivčák,SMER-SD
Hranovnica,Vladimír Horváth,NEKA
Hrašné,Pavel Hučko,SNS
Hrašovík,Renáta Demková,NEKA
Hrčeľ,Rudolf Balog,KDH
Hrhov,Ladislav Tankó,NEKA
Hriadky,Ján Vincenčík,SPOLU
Hričovské Podhradie,Jarmila Dobroňová,SMER-SD
Hriňová,Stanislav Horník,NEKA
Hrišovce,Milan Michlík,NEKA
Hrkovce,Gejza Nagy,SMK-MKP
Hrlica,Slavomír Poliak,NEKA
Hrnčiarovce nad Parnou,Jaroslav Kráľovič,NEKA
Hrnčiarska Ves,Ján Melicher,SPOLU
Hrnčiarske Zalužany,Branislav Nociar,NEKA
Hrochoť,Marian Mazúch,NEKA
Hromoš,Maroš Kočiš,"SMER-SD, SNS"
Hronec,Bohuslav Nemky,SMER-SD
Hronovce,Róbert Csudai,"MOST - HÍD, SMER-SD"
Hronsek,Miroslav Ostrihoň,NEKA
Hronská Breznica,Igor Kanda,NEKA
Hronská Dúbrava,Jozef Brhlík,SMER-SD
Hronské Kľačany,Jozef Chudý,NEKA
Hronské Kosihy,Jozef Seneši,"SMER-SD, SNS"
Hronský Beňadik,Ľubomír Krovina,SNS
Hrubá Borša,Ján Klačko,NEKA
Hruboňovo,Vladimír Fabo,NEKA
Hrubov,Štefan Trusák,SMER-SD
Hrubý Šúr,Adrián Takács,NEKA
Hrušov,Pavel Bendík,NEKA
Hrušov,Gabriel Parti,SMK-MKP
Hrušovany,Jozef Benca,SMER-SD
Hrušovo,Ján Sklenár,SMER-SD
Hruštín,František Škapec,KDH
Hubina,Jana Myjavcová,SMER-SD
Hubošovce,Katarína Škvarlová,SMER-SD
Hubová,Stanislav Nechaj,NEKA
Hubovo,Gabriel Gencsi,"SMK-MKP, MOST - HÍD"
Hucín,Jaroslav Horváth,MOST - HÍD
Hudcovce,Martina Bodnárová,NEKA
Hul,Pavol Guláš,"SNS, SMER-SD"
Humenné,Miloš Meričko,"OBYČAJNÍ ĽUDIA a nezávislé osobnosti (OĽANO), KDH, SaS, SOĽ, SP, Progresívne Slovensko, SPOLU"
Huncovce,Peter Majerčák,NEKA
Hunkovce,Mikuláš Horvát,MOST - HÍD
Hurbanova Ves,Ľubomír Petrák,SMER-SD
Hurbanovo,Peter Závodský,NEKA
Husák,Michal Copák,NEKA
Husiná,Peter Fazekaš,"MOST - HÍD, SMK-MKP"
Hutka,Mária Semaníková,MOST - HÍD
Huty,Juraj Staš,SMER-SD
Hviezdoslavov,Marek Lackovič,Progresívne Slovensko
Hvozdnica,Martin Šimún,KDH
Hybe,Karol Pavlíček,NEKA
Hýľov,Júlia Kočíková,KDH
Chanava,Ludevít Czókoly,MOST - HÍD
Chľaba,Gregor Izrael,NEKA
Chlebnice,Anton Staš,NEKA
Chlmec,Cyril Hirjak,SNS
Chmeľnica,Zita Pleštinská,"KDH, OBYČAJNÍ ĽUDIA a nezávislé osobnosti (OĽANO), NOVA, SaS, SPOLU"
Chmeľov,Juraj Gáll,ŠANCA
Chmeľová,Mária Krušková,MOST - HÍD
Chmeľovec,Ján Jakab,NEKA
Chmiňany,Cyril Miškuf,"SMER-SD, SNS, MOST - HÍD"
Chminianska Nová Ves,Peter Konečný,NEKA
Chminianske Jakubovany,Jozef Červeňák,NAJ
Choča,Alena Záhoreczová,SMER-SD
Chocholná-Velčice,Ľubomír Škriečka,NEKA
Choňkovce,Radoslav Hvožďak,SMER-SD
Chorvátsky Grob,Vladimíra Vydrová,NEKA
Chorváty,Karol Köteleš,NEKA
Chotča,Vladimír Čač,SNS
Chotín,František Magyari,MOST - HÍD
Chrabrany,Jana Šupová,NEKA
Chrámec,Marta Benedeková,"SMK-MKP, MOST - HÍD"
Chrasť nad Hornádom,Ondrej Mihňák,SMER-SD
Chrastince,Jozef Varga,"SMER-SD, MOST - HÍD"
Chrastné,Štefan Hudáček,NEKA
Chrenovec-Brusno,Tibor Čičmanec,SMER-SD
Chropov,Renáta Zdražilová,NEKA
Chrťany,Ján Belov,SMER-SD
Chtelnica,Ján Horváth,SMER-SD
Chudá Lehota,Milan Daniš,SMER-SD
Chvalová,Vladimír Vaculčiak,SMER-SD
Chvojnica,Marian Kollár,SMER-SD
Chvojnica,Branislav Dobrotka,NEKA
Chynorany,Mária Lachkovičová,NEKA
Chyžné,Peter Medvec,SNS
Igram,Peter Holek,NEKA
Ihľany,Ján Turek,SMER-SD
Ihráč,Ján Kubík,NEKA
Ilava,Viktor Wiedermann,NEKA
Iliašovce,Anna Frankovičová,NEKA
Ilija,Vratislav Cengel,NEKA
Imeľ,František Tyukos,NEKA
Iňa,Jozef Rosipal,"SMER-SD, MOST - HÍD"
Iňačovce,Ľubomír Macko,"SMER-SD, SNS, MOST - HÍD"
Inovce,Ján Chrapovič,SZS
Ipeľské Predmostie,Viktor Lestyánszky,MOST - HÍD
Ipeľské Úľany,Magdalena Tóthová,SMK-MKP
Ipeľský Sokolec,Arnold Ozsvald,NEKA
Istebné,Lýdia Fačková,SNS
Ivachnová,Vladimír Guoth,KDH
Ivančiná,Róbert Kleskeň,SMER-SD
Ivanice,Tibor Balyo,NEKA
Ivanka pri Dunaji,Martin Šaulič,NEKA
Ivanka pri Nitre,Jana Maršálková,NEKA
Ivanovce,Mária Hládeková,SMER-SD
Iža,István Domin,SMK-MKP
Ižkovce,Štefan Šipoš,MOST - HÍD
Jabloň,Vladimír Koscelnik,NEKA
Jablonec,Slavomír Pocisk,NEKA
Jablonica,Silvester Nestarec,NEKA
Jablonka,Anna Cigáneková,SMER-SD
Jablonov,Jozef Molčan,SNS
Jablonov nad Turňou,Slavomír Zubriczky,MOST - HÍD
Jabloňovce,Igor Hindi,NEKA
Jablonové,Ladislav Čička,NEKA
Jablonové,Ondrej Uhliarik,KDH
Jacovce,Jaroslav Božik,SNS
Jahodná,Jarmila Csiba,NEKA
Jaklovce,Matúš Fedor,NEKA
Jakovany,Ľubor Seman,SNS
Jakubany,Jozef Mačuga,NEKA
Jakubov,Peter Gajdár,NEKA
Jakubova Voľa,Magdaléna Sasaráková,NEKA
Jakubovany,Milan Zuzaniak,NEKA
Jakubovany,Martin Kollár,SMER-SD
Jakušovce,Ján Smetanka,"SMER-SD, SNS"
Jalová,Radoslav Michalčin,SMER-SD
Jalovec,,
Jalovec,Peter Kotian,SMER-SD
Jalšové,Marián Paulovič,NEKA
Jalšovík,Adriana Vicianová,SMER-SD
Jamník,Alena Vlčková,NEKA
Jamník,František Pavol,NEKA
Janice,Marta Martinovicsová,"SMK-MKP, RIS"
Janík,Július Begala,NEKA
Janíky,Lajos Berner,MOST - HÍD
Jankovce,Jaroslav Vasiľ,SNS
Janov,František Harčár,"SMER-SD, SNS"
Janova Lehota,Božena Kováčová,SMER-SD
Janovce,Ľubomír Kundrát,"KDH, SNS"
Jánovce,Jozef Čechovič,NEKA
Jánovce,Jozef Kacvinský,KDH
Janovík,Marián Žec,SMER-SD
Jarabá,Juraj Pružinec,NEKA
Jarabina,Lívia Kovalčíková,NEKA
Jarok,Stanislav Sťahel,NEKA
Jarovnice,Florián Giňa,SRK
Jasenica,Richard Pekar,"SaS, OBYČAJNÍ ĽUDIA a nezávislé osobnosti (OĽANO), Progresívne Slovensko, Zmena zdola, DÚ, NOVA"
Jasenie,Marek Kordík,KDH
Jasenov,Lucia Sukeľová,NEKA
Jasenov,Michal Šabak,NEKA
Jasenová,Rajmund Bradík,NEKA
Jasenovce,Ladislav Trybula,"SMER-SD, SNS"
Jasenovo,Ján Škorvánek,"SMER-SD, SNS"
Jaslovské Bohunice,Božena Krajčovičová,NEKA
Jasov,Marián Dzurik,SLOVENSKO DO TOHO !
Jasová,Ladislav Polák,NEKA
Jastrabá,Zdenko Matúška,STRANA MODERNÉHO SLOVENSKA (SMS)
Jastrabie nad Topľou,Michal Džuka,"SMER-SD, SNS, MOST - HÍD"
Jastrabie pri Michalovciach,Ján Ždiňak,"SMER-SD, SNS"
Jatov,Adriana Matúšeková,SMER-SD
Jazernica,Ivan Gejdoš,NEKA
Jedlinka,Anna Guzyová,SMER-SD
Jedľové Kostoľany,Dušan Kazimír,SMER-SD
Jelenec,Ivan Varga,NEKA
Jelka,Gabriel Kiš,NEKA
Jelšava,Milan Kolesár,"KDH, SaS, OBYČAJNÍ ĽUDIA a nezávislé osobnosti (OĽANO)"
Jelšovce,Ladislav Hroššo,NEKA
Jelšovec,Viera Sárová,SMER-SD
Jenkovce,Jaroslav André,NEKA
Jesenské,Eva Mozoličová,NEKA
Jesenské,Gabriel Mihályi,NEKA
Jestice,Katarína Zagyiová,SMK-MKP
Ješkova Ves,Pavel Greguš,SMER-SD
Jezersko,Milan Krempaský,SMER-SD
Jovice,Ildikó Lukacsová,NEKA
Jovsa,Ľubica Čornejová,NEKA
Jur nad Hronom,Jozef Kovács,MOST - HÍD
Jurová,Gabriel Fekete,NEKA
Jurské,Zuzana Molčanyová,SMER-SD
Juskova Voľa,Jozef Lukačin,SMER-SD
Kačanov,Michal Tomko,NEKA
Kajal,Lívia Farkasová,MOST - HÍD
Kaľamenová,Martina Mračková,NEKA
Kalameny,Július Česák,NEKA
Kaľava,Jozef Rabatin,SMER-SD
Kalinkovo,Jozef Konrád,NEKA
Kalinov,Ivan Sivák,SMER-SD
Kalinovo,Ján Šárkan,NEKA
Kalná nad Hronom,Ladislav Éhn,"SMER-SD, MOST - HÍD, KSS, SMK-MKP"
Kalná Roztoka,Ladislav Hakulin,SMER-SD
Kálnica,Iveta Poluchová,NEKA
Kalnište,Jozef Cauner,"SMER-SD, MOST - HÍD"
Kalonda,Réka Papp,NEKA
Kaloša,Vojtech Váradi,SMK-MKP
Kalša,Gabriela Ivaňáková,SMER-SD
Kaluža,Jana Macejková,NEKA
Kamanová,Peter Hudec,SMER-SD
Kameňany,Erik Vranka,SMER-SD
Kamenec pod Vtáčnikom,Dušan Ďuriš,SMER-SD
Kamenica,Michal Guľaš,SNS
Kamenica nad Cirochou,Monika Hamaďaková,NEKA
Kamenica nad Hronom,Ján Elzer,SMER-SD
Kameničany,Igor Daško,SNS
Kameničná,Dezider Pataki,SMK-MKP
Kamenín,Jozef Grman,NEKA
Kamenná Poruba,Zdenko Gaďo,SRK
Kamenná Poruba,Pavol Sandanus,NEKA
Kamenné Kosihy,Ladislav Pixiades,"MOST - HÍD, MKDA-MKDSZ, SMER-SD"
Kamenný Most,Katarína Heiszlerová,NEKA
Kamienka,Benjamín Blaha,NEKA
Kamienka,Juraj Jedinák,SMER-SD
Kanianka,Ivor Husár,NEKA
Kapince,Margita Tabačeková,SMER-SD
Kapišová,Pavol Fek,"SMER-SD, MOST - HÍD"
Kaplna,Vladimír Vittek,NEKA
Kapušany,Slávka Guteková,KDH
Kapušianske Kľačany,Tibor Varga,SMK-MKP
Karlová,Adriana Malatová,SMER-SD
Karná,Anton Hodor,NEKA
Kašov,Róbert Katuš,NEKA
Kátlovce,Pavol Johanes,NEKA
Kátov,Ivana Chrenková,NEKA
Kazimír,Tomáš Toma,NEKA
Kecerovce,Miroslav Galas-Zaufal,SMER-SD
Kecerovský Lipovec,Emil Ondrík,SMER-SD
Kečkovce,Jana Feňová,MOST - HÍD
Kečovo,Július Lőrincz,MOST - HÍD
Kechnec,Jozef Konkoly,NEKA
Kendice,Igor Kočiško,NEKA
Kesovce,Aladár Szajkó,SMK-MKP
Keť,Attila Farkas,SMK-MKP
Kežmarok,Ján Ferenčák,"SMER-SD, SNS, MOST - HÍD"
Kiarov,Pavol Suchánsky,MOST - HÍD
Kľačany,Emília Cvíčelová,NEKA
Kľače,Jozef Jánošík,NEKA
Kľačno,Jozef Ďuriš,SME RODINA - Boris Kollár
Kladzany,Daniel Lorinc,SNS
Kľak,Ľuboš Haring,NEKA
Klasov,Ján Balázs,SMER-SD
Kláštor pod Znievom,Erika Cintulová,NEKA
Klátova Nová Ves,Iveta Randziaková,SMER-SD
Klčov,Miroslav Fabian,KDH
Kleňany,Helena Csákyová,"SMK-MKP, MOST - HÍD"
Klenov,Kamila Bogdaňová,NEKA
Klenová,Slavomil Voloch,SNS
Klenovec,Zlata Kaštanová,NEKA
Klieština,Rastislav Bačík,NEKA
Klin,Karol Revaj,SNS
Klin nad Bodrogom,Štefan Čoros,SMK-MKP
Klížska Nemá,Rozália Szalay,SMK-MKP
Klokoč,Radoslav Hruška,NEKA
Klokočov,Monika Hudáčková,SMER-SD
Klokočov,Jana Foldinová,NEKA
Klubina,Božena Poliačková,"SMER-SD, SNS"
Kľúčovec,Csaba Bognár,"SMK-MKP, MOST - HÍD"
Kluknava,Štefan Kováč,NEKA
Kľušov,Jozef Valko,MOST - HÍD
Kmeťovo,Jozef Sádovský,NEKA
Kobeliarovo,Janka Regrutová,NEKA
Kobylnice,František Vojček,SMER-SD
Kobyly,Jozef Šoltys,SMER-SD
Koceľovce,Peter Vojtko,SME RODINA - Boris Kollár
Kociha,Tatiana Klimová,SMER-SD
Kocurany,Vojtech Čičmanec,NEKA
Kočín - Lančár,Štefan Lányi,NEKA
Kočovce,Monika Kopúnová,NEKA
Kochanovce,Katarína Lászlóová,SNS
Kochanovce,Jana Lazoriková,SNS
Kojatice,Anton Aštary,KDH
Kojšov,Anton Bašniar,SMER-SD
Kokava nad Rimavicou,Ján Chromek,SMER-SD
Kokošovce,Miroslav Skička,NEKA
Kokšov - Bakša,Mikuláš Hudák,SMER-SD
Kolačkov,Pavol Zamiška,NEKA
Kolačno,Lýdia Petríková,"SMER-SD, SNS"
Koláre,Renáta Poboriová,MOST - HÍD
Kolárovice,Jozef Hruštinec,SMER-SD
Kolárovo,Árpád Horváth,SMK-MKP
Kolbasov,Jana Sidorová,SNS
Kolbovce,Marek Antoš,"SMER-SD, SNS, MOST - HÍD"
Kolibabovce,Mária Pokrivňáková,SMER-SD
Kolíňany,Róbert Balkó,NEKA
Kolinovce,Jitka Puhallová,NEKA
Kolonica,Matúš Leňo,SMER-SD
Kolta,Ľubor Krnčan,SNS
Komárany,Jana Kráľová,SMER-SD
Komárno,Béla Keszegh,NEKA
Komárov,Jozef Bednár,SMER-SD
Komárovce,Marián Bužický,NEKA
Komjatice,Peter Hlavatý,NEKA
Komjatná,Otto Brtko,NEKA
Komoča,Imrich Lukács,NEKA
Koniarovce,Miroslav Konštiak,NEKA
Konrádovce,Tivadar Karkus,MOST - HÍD
Konská,Miroslav Kamhal,NEKA
Konská,Janka Stupňanová,NEKA
Koňuš,Kvetoslava Šabáková,NEKA
Kopčany,Dušan Dubecký,NEKA
Kopernica,Rastislav Slanina,NEKA
Koplotovce,Jozef Števik,KDH
Koprivnica,Peter Krupa,"KDH, MOST - HÍD, SNS"
Kordíky,Ján Záchenský,NEKA
Korejovce,Jaroslav Kapa,MOST - HÍD
Korňa,Marianna Bebčáková,NEKA
Koromľa,Silvia Žeňuchová,NEKA
Korunková,Mária Dudiňaková,"SMER-SD, SNS"
Korytárky,Dušan Mitter,NEKA
Korytné,Peter Palenčár,KDH
Kosihovce,Eva Gyurászová,"SMER-SD, MOST - HÍD"
Kosihy nad Ipľom,Silvia Kosíková,SMK-MKP
Kosorín,Peter Hric,NEKA
Kostoľany nad Hornádom,Anton Medvec,NEKA
Kostoľany pod Tribečom,Mária Segíňová,SMER-SD
Kostolec,Miroslav Michalík,SNS
Kostolište,Hubert Danihel,NEKA
Kostolná pri Dunaji,Igor Šillo,NEKA
Kostolná Ves,Mária Žofčinová,NEKA
Kostolné,Miroslav Cibulka,SMER-SD
Kostolné Kračany,Ladislav Gódány,"MOST - HÍD, SMK-MKP"
Koš,Peter Závadinka,NEKA
Košariská,Štefan Antol,NEKA
Košarovce,Peter Čokota,NEKA
Košeca,Radomír Brtáň,NEKA
Košecké Podhradie,Rastislav Čepák,SMER-SD
Košice,Jaroslav Polaček,"Sas, Kres"
Košická Belá,Jozef Petkač,"KDH, OBYČAJNÍ ĽUDIA a nezávislé osobnosti (OĽANO), SaS, NOVA"
Košická Polianka,Marta Petrilová,SMER-SD
Košické Oľšany,Slavomír Horváth,SNS
Košický Klečenov,Michal Kmec,SMER-SD
Koškovce,Vladimír Babič,SMER-SD
Košolná,Martin Halaksa,SMER-SD
Košťany nad Turcom,Marián Bunganič,NEKA
Košúty,Zdenka Mačicová,NEKA
Kotešová,Peter Mozolík,SMER-SD
Kotmanová,Mária Oravcová,SMER-SD
Kotrčiná Lúčka,Jozef Žabka,SNS
Kováčová,Adrián Dáni,SMK-MKP
Kováčová,Ján Izrael,KDH
Kováčovce,Jozef Filip,SMK-MKP
Koválov,Pavol Kuba,KDH
Koválovec,Patrik Renováček,NEKA
Kovarce,Andrej Čopík,KDH
Kozárovce,Bystrík Ižold,"KDH, SNS, Demokrati Slovenska"
Kozelník,Eva Petáková,"SMER-SD, SNS"
Kozí Vrbovok,Peter Čižmár,SNS
Kožany,Peter Rajnič,NEKA
Kožuchov,Gejza Köver,SMER-SD
Kožuchovce,Ján Zajac,SMER-SD
Kračúnovce,František Mašlej,NEKA
Krahule,Miroslav Schwarz,NEKA
Krajná Bystrá,Ján Štefanco,MOST - HÍD
Krajná Poľana,Jozef Feciľak,"SMER-SD, SNS"
Krajná Porúbka,Helena Babejová,SMER-SD
Krajné,Ján Konečník,SNS
Krajné Čierno,Ján Vaňko,NEKA
Krakovany,František Klinovský,NEKA
Kráľ,František Béres,MOST - HÍD
Králiky,Ivan Škamla,SMER-SD
Kráľov Brod,Gergely Agócs,SMK-MKP
Kráľova Lehota,Vladimír Kapríni,NEKA
Kráľová nad Váhom,Ferenc Bergendi,NEKA
Kráľová pri Senci,Dušan Šebok,SMER-SD
Kraľovany,Ľuboš Palovič,NEKA
Kráľovce,Radoslav Šimko,"SNS, SMER-SD"
Kráľovce-Krnišov,Ľubomír Slančík,NEKA
Kráľovičove Kračany,Zoltán Wurczell,"MOST - HÍD, SMK-MKP"
Kráľovský Chlmec,Karol Pataky,MOST - HÍD
Kraskovo,Ján Blaho,STRANA MODERNÉHO SLOVENSKA (SMS)
Krásna Lúka,Marko Osif,KDH
Krásna Ves,Milan Došek,SMER-SD
Krasňany,Jana Žáková,NEKA
Krásno,Martin Mikloš,"SDKÚ-DS, SMER-SD, SNS, MOST - HÍD, SZ"
Krásno nad Kysucou,Jozef Grapa,NEKA
Krásnohorská Dlhá Lúka,Gabriel Klárik,SMK-MKP
Krásnohorské Podhradie,Peter Bollo,NEKA
Krásnovce,Tibor Kostovčík,SMER-SD
Krásny Brod,Vladimír Bajaj,SMER-SD
Kravany,Jaroslav Capko,NEKA
Kravany,Igor Gavalier,SMER-SD
Kravany nad Dunajom,Gabriel Duka,NEKA
Krčava,Darina Palaiová,SME RODINA - Boris Kollár
Kremná,Silvia Bukovičová,SMER-SD
Kremnica,Alexander Ferenčík,NEKA
Kremnické Bane,Juraj Vozár,NEKA
Kristy,Anna Janošová,SMER-SD
Krišľovce,Monika Dovičaková,KDH
Krišovská Liesková,Július Tamaška,MOST - HÍD
Krivá,Juraj Leginus,NEKA
Kriváň,Imrich Paľko,"SMER-SD, SNS"
Krivany,Ján Šejirman,SMER-SD
Krivé,Ján Steranka,SMER-SD
Krivoklát,Mária Prekopová,NEKA
Krivosúd-Bodovka,Richard Kubáň,NEKA
Kríže,Oľga Dutková,"SNS, SMER-SD"
Krížová Ves,Jozef Grivalský,KDH
Krížovany,Cyril Harničár,"SMER-SD, SNS, MOST - HÍD"
Križovany nad Dudváhom,Svetlana Královičová,NEKA
Krná,Drahomíra Hricová,SMER-SD
Krnča,Ľuboš Meluš,"SMER-SD, SNS"
Krokava,Lukáš Remper,SMER-SD
Krompachy,Iveta Rušinová,NEKA
Krpeľany,Jaroslav Kráľ,SMER-SD
Krškany,Peter Kováčik,NEKA
Krtovce,Juraj Oravec,"SMER-SD, SNS"
Kručov,Anna Kertisová,"SMER-SD, SNS"
Krupina,Radoslav Vazan,NEKA
Krušetnica,Terézia Pacoňová,NEKA
Krušinec,Viktor Bochin,SNS
Krušovce,Martin Zdychavský,NEKA
Kružlov,Jozef Kmec,NEKA
Kružlová,Adrián Gužo,"SNS, MOST - HÍD, SME RODINA - Boris Kollár"
Kružná,Ondrej Lipták,SMK-MKP
Kružno,Pavel Černák,SMER-SD
Kšinná,Tatiana Botková,NEKA
Kubáňovo,Zsolt Német,SMK-MKP
Kučín,Vincent Breznický,KDH
Kučín,Michal Mantič,SME RODINA - Boris Kollár
Kuchyňa,Róbert Bujna,"KDH, SaS, NOVA"
Kuklov,Dušan Hric,NEKA
Kuková,Štefan Kožlej,SMER-SD
Kukučínov,Ľuba Tóthová,"SMER-SD, MOST - HÍD"
Kunerad,Monika Kavecká,NEKA
Kunešov,Peter Slašťan,NEKA
Kunova Teplica,Eva Gyenesová,MOST - HÍD
Kuraľany,Dušan Mésároš,"SMER-SD, SNS"
Kurima,Ján Bartoš,KDH
Kurimany,Martin Faltin,SPOLU
Kurimka,Ján Božík,"SMER-SD, MOST - HÍD"
Kurov,Mária Špirková,SMER-SD
Kusín,Vladimír Jus,NEKA
Kútniky,František Bokros,NEKA
Kúty,Branislav Vávra,NEKA
Kuzmice,Peter Mojžiš,SMER-SD
Kvačany,Pavol Veteráni,SMER-SD
Kvačany,Jozef Grúň,NEKA
Kvakovce,Radovan Kapraľ,NEKA
Kvašov,Marián Pavlík,SMER-SD
Kvetoslavov,Zoltán Sojka,NEKA
Kyjatice,Slavomír Kujan,SNS
Kyjov,Milan Dirga,NEKA
Kynceľová,Martina Kubišová,NEKA
Kysak,Ľubomír Krajňák,KDH
Kyselica,Erika Orosz Ágošton,"MOST - HÍD, SMK-MKP"
Kysta,Helena Borčíková,NEKA
Kysucké Nové Mesto,Marián Mihalda,NEKA
Kysucký Lieskovec,Milan Králik,SNS
Láb,Marián Moravčík,NEKA
Lackov,Andrea Parobková,NEKA
Lacková,Marek Gallík,NEKA
Lackovce,Ľuboslava Hofericová,NEKA
Lada,Ján Katica,"SNS, SMER-SD"
Ladce,Jaroslav Koyš,NEKA
Ladice,Alžbeta Patayová,"SMER-SD, MOST - HÍD"
Ladmovce,Michal Magura,NEKA
Ladomerská Vieska,Vladimír Baran,"SMER-SD, SNS"
Ladomirov,Miroslav Kacarabčin,SMER-SD
Ladomirová,Vladislav Cuper,NEKA
Ladzany,Miloš Čmela,SMER-SD
Lakšárska Nová Ves,Oľga Procházková,SNS
Lascov,Vladimír Kostár,SNS
Laskár,Lenka Janíková,SNS
Lastomír,Ľubomír Šipoš,SMER-SD
Lastovce,Lukáš Hrinko,SMER-SD
Laškovce,Marek Miker,SRK
Látky,Mário Kubiš,KDH
Lazany,Jana Matiašková,NEKA
Lazisko,,
Lazy pod Makytou,Ján Mičega,NEKA
Lažany,Peter Nazarej,NEKA
Lednica,Kamil Karas,SMER-SD
Lednické Rovne,Marian Horečný,NEKA
Legnava,Martin Krompaský,KDH
Lehnice,František Szitási,NEKA
Lehota,Radoslav Kriváček,NEKA
Lehota nad Rimavicou,Ivan Antal,SMER-SD
Lehota pod Vtáčnikom,Ján Daňo,NEKA
Lehôtka,Richard Laššan,"SMER-SD, DOMA DOBRE"
Lehôtka pod Brehmi,Juraj Zaťko,SMER-SD
Lechnica,Jozef Musala,SNS
Lekárovce,Milan Őrmezey,SMER-SD
Leľa,Alexander Mezei,NEKA
Leles,Michal Zurbola,MOST - HÍD
Lemešany,Marko Bučko,NEKA
Lenartov,Jana Bľandová,SMER-SD
Lenartovce,Ján Rákoši,"SMK-MKP, MOST - HÍD"
Lendak,Pavel Hudáček,KDH
Lenka,Marián Habovčík,NEKA
Lentvora,Dušan Sudár,SMER-SD
Leopoldov,Terézia Kavuliaková,NEKA
Lesenice,Ladislav Majdán,"SMER-SD, MOST - HÍD"
Lesíček,Martin Blihár,NEKA
Lesné,Peter Bobík,NEKA
Lesnica,Ján Gondek,"OBYČAJNÍ ĽUDIA a nezávislé osobnosti (OĽANO), KDH, SNS"
Leštiny,Miroslav Kovalčík,SMER-SD
Letanovce,Slavomír Zahornadský,NEKA
Letničie,Marián Dvorský,"SMER-SD, SNS, MOST - HÍD"
Leváre,Marta Halászová,SMK-MKP
Levice,Ján Krtík,NEKA
Levkuška,Kristína Cselényiová,"SMK-MKP, SMER-SD"
Levoča,Miroslav Vilkovský,NEKA
Ležiachov,Katarína Michálková,NEKA
Libichava,Ingrid Sitárová,SMER-SD
Licince,Ladislav Miklóš,SMER-SD
Ličartovce,Mária Ščepitová,NEKA
Liesek,Martin Dreveňák,KDH
Lieskovany,Pavel Haško,SNS
Lieskovec,Marta Salanciová,NEKA
Lieskovec,Michal Turay,NEKA
Liešno,Zdenka Judáková,SMER-SD
Liešťany,Ľubomír Noska,NEKA
Lietava,Pavol Gašpierik,SMER-SD
Lietavská Lúčka,Marian Sliviak,SMER-SD
Lietavská Svinná-Babkov,Vladimír Jamečný,NEKA
Likavka,Marián Javorka,KDH
Limbach,Adriana Čechovičová,NEKA
Lipany,Vladimír Jánošík,"SMER-SD, SNS"
Lipník,Peter Mikuško,SMER-SD
Lipníky,Ľubomír Pankuch,NEKA
Lipová,Tatiana Ölvecká,NEKA
Lipová,Dušan Čura,SMER-SD
Lipovany,Vladimír Kumštár,SNS
Lipovce,Ján Šatník,SaS
Lipové,Dáša Kovácsová,NEKA
Lipovec,Jozef Mada,NEKA
Lipovec,Janka Mičudová,SPOLU
Lipovník,Dušan Turčan,"SMER-SD, SNS"
Lipovník,Robert Emödi,SMK-MKP
Liptovská Anna,Ivan Bella,NEKA
Liptovská Kokava,Július Porubän,SMER-SD
Liptovská Lúžna,Albín Husarčík,"SMER-SD, SNS"
Liptovská Osada,Róbert Kuzma,NEKA
Liptovská Porúbka,Jana Gazdičová,NEKA
Liptovská Sielnica,Igor Guráň,SMER-SD
Liptovská Štiavnica,Dušan Lauko,SNS
Liptovská Teplá,Milan Kašák,SNS
Liptovská Teplička,Slavomír Kopáč,NEKA
Liptovské Beharovce,Jozef Malý,SNS
Liptovské Kľačany,Ján Hollý,NEKA
Liptovské Matiašovce,Ján Jaňák,NEKA
Liptovské Revúce,Jana Šimová,"SNS, KDH"
Liptovské Sliače,Milan Frič,NEKA
Liptovský Hrádok,Branislav Tréger,NEKA
Liptovský Ján,Juraj Filo,NEKA
Liptovský Michal,Elena Tuková,KDH
Liptovský Mikuláš,Ján Blcháč,"SMER-SD, SNS, NÁRODNÁ KOALÍCIA"
Liptovský Ondrej,Ľuboš Žubor,NEKA
Liptovský Peter,Anna Papajová,NEKA
Liptovský Trnovec,Karol Maťko,NEKA
Lisková,Jozef Murina,NEKA
Lišov,Marián Školník,SMER-SD
Litava,Ľubica Tuhárska,"SMER-SD, SNS, STRANA MODERNÉHO SLOVENSKA (SMS)"
Litmanová,Nataša Hlinková,"SMER-SD, SNS"
Livina,Jana Petrejeová,SMER-SD
Livinské Opatovce,Alena Kubrická,NEKA
Livov,Jaroslav Stracenský,SMER-SD
Livovská Huta,Helena Frandoferová,KDH
Lodno,Alžbeta Suriaková,NEKA
Lok,Ján Márföldi,"SMER-SD, MOST - HÍD, SNS"
Lokca,Miroslav Valčičák,KDH
Lom nad Rimavicou,Jozef Katreniak,NEKA
Lomná,Jozef Krestaň,SMER-SD
Lomné,Ľudmila Hospodárová,SMER-SD
Lomnička,Mária Oračková,SMER-SD
Lontov,Karol Konczi,NEKA
Lopašov,Marián Bederka,NEKA
Lopúchov,František Palko,"KDH, MOST - HÍD"
Lopušné Pažite,Peter Harcek,NEKA
Lošonec,Juraj Rábara,NEKA
Lovce,František Richter,SMER-SD
Lovča,Ondrej Bahno,SMER-SD
Lovčica-Trubín,Štefan Horvát,NEKA
Lovinobaňa,Marian Lenhard,NEKA
Lozorno,Ľuboš Tvrdoň,NEKA
Ložín,Monika Pastírová,"SMER-SD, MOST - HÍD, ŠANCA, SME RODINA - Boris Kollár, Demokrati Slovenska"
Ľubá,Silvia Esztergályosová,NEKA
Ľubeľa,Erik Gemzický,SNS
Lubeník,Milan Pavko,"KDH, OBYČAJNÍ ĽUDIA a nezávislé osobnosti (OĽANO), SaS"
Ľubica,Ján Kapolka,KDH
Ľubietová,Pavel Zajac,"SNS, SMER-SD, STRANA MODERNÉHO SLOVENSKA (SMS)"
Lubina,Martin Beňatinský,SMER-SD
Ľubiša,Jozef Sklenčár,SMER-SD
Ľubochňa,Peter Dávidík,NEKA
Ľuboreč,Marcel Šupica,NEKA
Ľuboriečka,Ján Žilka,SNS
Ľubotice,Miroslav Makara,NEKA
Ľubotín,Jozef Havrila,"SKS, KDH"
Ľubovec,Jozefína Štofanová,NEKA
Lúč na Ostrove,Ladislav Kiss,MOST - HÍD
Lučatín,Pavel Kováč,SMER-SD
Lučenec,Alexandra Pivková,NEKA
Lúčina,Martina Jenčová,KDH
Lučivná,Monika Kičáková,NEKA
Lúčka,Ľuboš Tatranský,"SMER-SD, SNS"
Lúčka,Mikuláš Mašlej,KDH
Lúčka,Jozef Szabó,NEKA
Lúčka,Vladimír Murcko,KDH
Lúčky,Eduard Baláž,"SMER-SD, MOST - HÍD"
Lúčky,Branislav Hrbček,SNS
Lúčky,Vladimír Závadský,NEKA
Lúčnica nad Žitavou,Ivan Michna,NEKA
Ludanice,Matúš Dočkalik,NEKA
Ľudovítová,Renáta Kováčová,SMER-SD
Ludrová,Peter Slimák,NEKA
Luhyňa,Mária Sedláčeková,KDH
Lúka,Marian Haluza,NEKA
Lukačovce,Martin Meričko,NOVA
Lukáčovce,Igor Cok,NEKA
Lukavica,Andrej Kotuľa,SNS
Lukavica,Michal Bartko,NEKA
Lukov,Jozefína Kramárová,SMER-SD
Lukovištia,Alena Segedyová,SMER-SD
Lúky,Ján Behro,NEKA
Lula,Mária Farkašová,"SNS, SMER-SD"
Lupoč,Peter Tejiščák,SNS
Lutila,Ján Pružina,NEKA
Ľutina,Vladimír Lelovský,SMER-SD
Lutiše,Anton Štefko,SNS
Ľutov,Marian Korbel,"SaS, OBYČAJNÍ ĽUDIA a nezávislé osobnosti (OĽANO)"
Lužany pri Topli,Miroslav Čorba,SNS
Lužianky,Jozef Bojda,SNS
Lysá pod Makytou,Michal Ondrička,SMER-SD
Lysica,Michal Šmehýl,NEKA
Macov,Ľudmila Láníková,NEKA
Mad,Gabriel László,"MOST - HÍD, SMER-SD, SMK-MKP"
Madunice,Alena Jelušová,NEKA
Magnezitovce,Milan Pršebica,NEKA
Machulince,Bohumil Bielik,NEKA
Majcichov,Tibor Marek,NEKA
Majere,,
Majerovce,Ján Sarvaš,SME RODINA - Boris Kollár
Makov,Martin Pavlík,NEKA
Makovce,Ján Ďuk,SNS
Malá Čalomija,Ján Šimko,SMER-SD
Malá Čausa,Jozef Krpelan,NEKA
Malá Čierna,Jaroslav Koleda,SNS
Malá Domaša,Jaroslav Makatúra,"SMER-SD, SNS"
Malá Franková,Milan Kalafut,NEKA
Malá Hradná,Mária Jandáková,NEKA
Malá Ida,Jana Kallová,NEKA
Malá Lehota,Dušan Pacalaj,NEKA
Malá Lodina,Adriána Fečková,KDH
Malá Mača,František Hontvári,"SMK-MKP, MOST - HÍD"
Malá nad Hronom,Rita Pásztorová,MOST - HÍD
Malá Poľana,Anna Bandiová,SNS
Malá Tŕňa,Jozef Drigan,NEKA
Malacky,Juraj Říha,NEKA
Malachov,Lucia Ferenc Gajdúšková,NEKA
Málaš,Karol Streda,MOST - HÍD
Malatiná,Zdenko Kubáň,KDH
Malatíny,Jaroslav Podhorány,NÁRODNÁ KOALÍCIA
Malcov,Miroslav Cingeľ,SNS
Malčice,Monika Hamzová,"OBYČAJNÍ ĽUDIA a nezávislé osobnosti (OĽANO), SaS, ŠANCA, SME RODINA - Boris Kollár"
Malé Borové,Miroslav Kováč,NÁRODNÁ KOALÍCIA
Malé Dvorníky,Zoltán Marczell,MOST - HÍD
Malé Hoste,Marta Gregorová,NEKA
Malé Chyndice,Eva Belančíková,SMER-SD
Malé Kosihy,Attila Pszár,NEKA
Malé Kozmálovce,Ladislav Pisch,"SMER-SD, MOST - HÍD, SNS"
Malé Kršteňany,Eva Mešinová,"SMER-SD, SNS"
Malé Lednice,Ján Hamar,SNS
Malé Leváre,Adrian Pernecký,NEKA
Malé Ludince,Beáta Csenger,NEKA
Malé Ozorovce,Milan Dolák,SMER-SD
Malé Raškovce,Jolana Žeňuchová,MOST - HÍD
Malé Ripňany,Pavol Gubáň,"SMER-SD, SNS"
Malé Straciny,Tatiana Káššayová,"SMER-SD, MOST - HÍD"
Malé Trakany,Csilla Bálintová,SMK-MKP
Malé Uherce,Štefan Čepko,NEKA
Malé Vozokany,Jana Ďurčeková,SNS
Malé Zálužie,Veronika Kubíková,SMER-SD
Malé Zlievce,Jozef Filkus,NEKA
Málinec,Igor Lacko,"SMER-SD, SNS"
Malinová,Juraj Stiffel,NEKA
Malinovo,Eugen Janík,NEKA
Malužiná,Břetislav Chytil,NEKA
Malý Cetín,Leonidas Charizopulos,SMER-SD
Malý Čepčín,Miroslava Sumková,DOMA DOBRE
Malý Horeš,Csaba Furik,SMK-MKP
Malý Kamenec,Ágnes Máté,SMK-MKP
Malý Krtíš,Václav Hájevský,NEKA
Malý Lapáš,Peter Švec,NEKA
Malý Lipník,Jozef Šesták,SMER-SD
Malý Slavkov,Ladislav Oravec,NEKA
Malý Slivník,Jozef Javorský,SMER-SD
Malý Šariš,Stanislav Mathia,NOVA
Malženice,Miroslav Macko,NEKA
Maňa,Igor Sádovský,NEKA
Mankovce,Milan Vrábel,NEKA
Marcelová,Ervin Varga,"SMK-MKP, MOST - HÍD"
Margecany,Igor Petrik,NEKA
Marhaň,Jozef Kuziak,KDH
Marianka,Dušan Statelov,Progresívne Slovensko
Markovce,Valéria Eľková,DOMA DOBRE
Markuška,Ondrej Lipták,SNS
Markušovce,Marek Virág,NEKA
Maršová - Rašov,Andrea Butková,NEKA
Martin,Ján Danko,NEKA
Martin nad Žitavou,Slavomír Fabian,NEKA
Martinček,Juraj Bobek,SNS
Martinová,Eugen Radič,MOST - HÍD
Martovce,István Keszeg,SMK-MKP
Mašková,Bronislava Brablecová,"DOMA DOBRE, SNS"
Maškovce,Emil Jasik,SMER-SD
Matejovce nad Hornádom,Marta Stanislavová,NEKA
Matiaška,Monika Husivargová,SMER-SD
Matiašovce,Marián Štefaňák,SMER-SD
Matovce,Lukáš Suchanič,SNS
Maťovské Vojkovce,Lýdia Czapová,MOST - HÍD
Matúškovo,Marta Mészárosová,SMK-MKP
Matysová,Pavol Pastirčák,KDH
Medovarce,Pavel Plachý,NEKA
Medvedie,Juraj Červák,MOST - HÍD
Medveďov,Ladislav Kulacs,SMK-MKP
Medzany,Jozef Kipikaša,SNS
Medzev,Matej Smorada,NEKA
Medzianky,Michal Baran,NEKA
Medzibrod,Pavol Svetlík,SNS
Medzibrodie nad Oravou,Michal Janota,KDH
Medzilaborce,Vladislav Višňovský,SMER-SD
Melčice-Lieskové,Katarína Remencová,NEKA
Melek,Ján Ferus,NEKA
Meliata,Csaba Husaník,MOST - HÍD
Mengusovce,Ján Šoltis,"SaS, OBYČAJNÍ ĽUDIA a nezávislé osobnosti (OĽANO)"
Merašice,Stanislav Michal,"SMER-SD, SNS"
Merník,Milan Madura,SMER-SD
Mestečko,Ján Hlinka,NEKA
Mestisko,Stanislav Baka,SNS
Mičakovce,Pavel Andrijko,"SNS, MOST - HÍD, KDH"
Mierovo,Katarína Janikovicsová,SMK-MKP
Miezgovce,Juraj Trgyňa,SMER-SD
Michajlov,Jana Glogovská,SMER-SD
Michal na Ostrove,Július Borbély,"SMK-MKP, MOST - HÍD, SMER-SD"
Michal nad Žitavou,Peter Porubský,NEKA
Michaľany,Zoltán Tarbaj,NEKA
Michalok,Viera Mihočová,"SMER-SD, SNS"
Michalová,Terézia Tisovčíková,NEKA
Michalovce,Viliam Zahorčák,"SMER-SD, SNS, MOST - HÍD, SZS"
Miklušovce,Mária Čuchtová,KDH
Miková,Dušan Džula,SMER-SD
Mikulášová,Peter Rusiňák,SMER-SD
Mikušovce,Eva Holbová,NEKA
Mikušovce,Imrich Ágošton,NEKA
Milhosť,Štefan Nagy,"SMK-MKP, KDH"
Miloslavov,Milan Baďanský,SPOLU
Milpoš,Ladislav Rabatin,SMER-SD
Miňovce,Miroslav Mojsej,"SMER-SD, SNS"
Mirkovce,Marián Engel,SKS
Miroľa,Michal Kurečko,SMER-SD
Mládzovo,Miroslav Čičmanec,SMER-SD
Mlynárovce,Peter Kidala,SMER-SD
Mlynčeky,Milena Svocáková,NEKA
Mlynica,Július Vachmanský,"KDH, SNS, MOST - HÍD"
Mlynky,Iveta Geletková,"SaS, OBYČAJNÍ ĽUDIA a nezávislé osobnosti (OĽANO)"
Mníchova Lehota,Jozef Kováč,NEKA
Mníšek nad Hnilcom,Ľudovít Kujnisch,SMER-SD
Mníšek nad Popradom,Peter Žemba,KDH
Moča,Eszter Tóth,NEKA
Močenok,Roman Urbánik,"SMER-SD, SNS"
Močiar,Adriana Vančová,"SMER-SD, SNS"
Modra,Juraj Petrakovič,NEKA
Modra nad Cirochou,Ondrej Milčo,KDH
Modrany,Štefan Édes,NEKA
Modrová,Stanislav Uhrin,NEKA
Modrovka,Vladimír Balaj,NEKA
Modrý Kameň,Mária Bednárová,"KDH, OBYČAJNÍ ĽUDIA a nezávislé osobnosti (OĽANO), SaS"
Mojmírovce,Martin Palka,NEKA
Mojš,Štefan Svetko,NEKA
Mojtín,František Staňo,SMER-SD
Mojzesovo,Jozef Čunderlík,SMER-SD
Mokrá Lúka,Július Laššan,SMER-SD
Mokrance,Mária Lacková,NEKA
Mokroluh,Marián Beňa,NEKA
Mokrý Háj,Peter Pobuda,NEKA
Moldava nad Bodvou,Slavomír Borovský,NEKA
Moravany,Vladimír Čeklovský,NEKA
Moravany nad Váhom,Peter Hulman,SMER-SD
Moravské Lieskové,Róbert Palko,NEKA
Moravský Svätý Ján,Anton Emrich,NEKA
Most pri Bratislave,František Mastný,NEKA
Mostová,Tibor Rózsár,NEKA
Moškovec,,
Mošovce,Elena Krajčová,NEKA
Moštenica,Katarína Chabanová,NEKA
Mošurov,Ondrej Chlebuš,NEKA
Motešice,Martin Mach,NEKA
Motyčky,Maroš Lacko,SMER-SD
Môlča,Ján Kluka,NEKA
Mrázovce,Pavol Polaščik,KDH
Mučín,Zoltán Benkő,NEKA
Mudroňovo,Ľubomír Maťko,NEKA
Mudrovce,Iveta Horvathová,SMER-SD
Muľa,Vojtech Nagy,NEKA
Muráň,Roman Goldschmidt,NEKA
Muránska Dlhá Lúka,Ján Kvetko,SPOLU
Muránska Huta,Marian Szentandrassi,NEKA
Muránska Lehota,Miloslav Marčák,NEKA
Muránska Zdychava,Jaroslav Oravec,SMER-SD
Mútne,Marián Murín,NEKA
Mužla,Iván Farkas,SMK-MKP
Myjava,Pavel Halabrín,STAROSTOVIA A NEZÁVISLÍ KANDIDÁTI
Myslina,Helena Podolinská,KDH
Mýtna,Dana Marková,NEKA
Mýtne Ludany,Štefan Mojzeš,MOST - HÍD
Mýto pod Ďumbierom,Roman Švantner,DOMA DOBRE
Nacina Ves,Anton Šandor,SMER-SD
Nadlice,Július Paulička,NEKA
Ňagov,Vladimír Roháč,NEKA
Naháč,David Ivanovič,NEKA
Nálepkovo,Ondrej Klekner,SaS
Námestovo,Milan Hubík,NEKA
Nána,Dezider Molnár,NEKA
Nandraž,Marian Laciak,SMER-SD
Ňárad,Jozef Lukács,"SMK-MKP, MOST - HÍD"
Necpaly,Peter Majko,SNS
Nedanovce,Jozef Jakubík,SMER-SD
Nedašovce,Elena Magdolenová,SMER-SD
Neded,Henrieta Selmecziová,NEKA
Nededza,Peter Vajda,NEKA
Nedožery-Brezany,Jaroslav Pekár,NEKA
Nechválova Polianka,Vladimír Megela,SMER-SD
Nemce,Alena Samuelčíková,NEKA
Nemcovce,Jozef Pavuk,KDH
Nemcovce,Ján Paľa,NOVA
Nemčice,Jozef Mokoš,"SMER-SD, SNS"
Nemčiňany,Jozef Keseg,SMER-SD
Nemecká,Branislav Čižmárik,SMER-SD
Nemečky,Viera Uhlárová,NEKA
Nemešany,Mária Gallovičová,NEKA
Nemšová,Miloš Mojto,NEKA
Nenince,Ladislav Híves,SMK-MKP
Neporadza,Jozef Madarász,"SMK-MKP, MOST - HÍD"
Neporadza,Ján Haninec,NEKA
Nesluša,Zuzana Jancová,NEKA
Nesvady,Zoltán Molnár,NEKA
Neverice,Milan Kováč,SNS
Nevidzany,Beata Vrecková,SMER-SD
Nevidzany,Kristína Bónová,SMER-SD
Nevoľné,Štefan Henžel,NEKA
Nezbudská Lúčka,Adriana Vraňanová Kubičková,NEKA
Nimnica,Ladislav Ďureček,NEKA
Nitra,Marek Hattas,NEKA
Nitra nad Ipľom,Tivadar Berky,"OBYČAJNÍ ĽUDIA a nezávislé osobnosti (OĽANO), SaS"
Nitrianska Blatnica,Michal Toman,SMER-SD
Nitrianska Streda,Mária Majtánová,NEKA
Nitrianske Hrnčiarovce,Katarína Nagyová,NEKA
Nitrianske Pravno,Andrej Richter,KDH
Nitrianske Rudno,Robert Štrbák,NEKA
Nitrianske Sučany,Pavol Caňo,NEKA
Nitrica,Miroslav Jemala,NEKA
Nižná,Kamil Mikuš,SMER-SD
Nižná,Jaroslav Rosina,NEKA
Nižná Boca,Silvia Skusilová,NEKA
Nižná Hutka,Iveta Vasilenková,SNS
Nižná Jablonka,Martina Kucerová,NEKA
Nižná Jedľová,Alena Džupinová,SaS
Nižná Kamenica,Miroslav Líška,NEKA
Nižná Myšľa,Miroslav Sisák,NEKA
Nižná Olšava,Igor Madzin,"MOST - HÍD, KDH"
Nižná Pisaná,Martin Močilenko,MOST - HÍD
Nižná Polianka,Ján Cundra,MOST - HÍD
Nižná Rybnica,Magdaléna Ohradzanská,KDH
Nižná Sitnica,Stanislav Rakár,"SMER-SD, SNS"
Nižná Slaná,Tibor Jerga,MOST - HÍD
Nižná Voľa,Marcel Kaščák,NEKA
Nižné Ladičkovce,Ján Hudák,NEKA
Nižné Nemecké,,
Nižné Repaše,Marta Vrabľová,SMER-SD
Nižné Ružbachy,Jozef Abrahamovský,"SMER-SD, SNS"
Nižný Čaj,Monika Obšitošová,SMER-SD
Nižný Hrabovec,Marcela Pčolinská,NEKA
Nižný Hrušov,Ján Fenčák,NEKA
Nižný Klátov,Gabriela Staníková,NEKA
Nižný Komárnik,Jana Leščišinová,"SNS, SMER-SD"
Nižný Kručov,Ján Čaraba,"KDH, SPOLU, OBYČAJNÍ ĽUDIA a nezávislé osobnosti (OĽANO)"
Nižný Lánec,Július Kovács,SMK-MKP
Nižný Mirošov,Anna Hrešková,MOST - HÍD
Nižný Orlík,Juraj Petný,"SMER-SD, MOST - HÍD"
Nižný Skálnik,Miroslav Bystriansky,SDKÚ-DS
Nižný Slavkov,Jozef Kamenický,SKS
Nižný Tvarožec,Dana Karnišová,NEKA
Nižný Žipov,Ján Garbár,NEKA
Nolčovo,Vladimír Mihalik,NEKA
Norovce,Peter Doval,KDH
Nová Baňa,Branislav Jaďuď,"NÁRODNÁ KOALÍCIA, SMER-SD, SNS"
Nová Bašta,Richard Molnár,SMK-MKP
Nová Bošáca,Ján Žucha,SMER-SD
Nová Bystrica,Jozef Balačin,NEKA
Nová Dedina,Pavol Novák,"SMER-SD, MOST - HÍD, SNS"
Nová Dedinka,Zuzana Árvová,NEKA
Nová Dubnica,Peter Marušinec,"SMER-SD, SNS"
Nová Kelča,Mária Telepunová,NEKA
Nová Lehota,,
Nová Lesná,Peter Hritz,NEKA
Nová Ľubovňa,Júlia Boďová,NEKA
Nová Polhora,Anton Šimčák,SMER-SD
Nová Polianka,Ján Barvirčák,SNS
Nová Sedlica,Vasiľ Dinič,SMER-SD
Nová Ves,Štefan Paholík,"SMER-SD, SNS, STRANA MODERNÉHO SLOVENSKA (SMS)"
Nová Ves nad Váhom,Igor Jambor,NEKA
Nová Ves nad Žitavou,Mária Korčoková,NEKA
Nová Vieska,Valéria Geri,SMK-MKP
Nováčany,Ján Štrbík,NEKA
Nováky,Dušan Šimka,NEKA
Nové Hony,Alena Spodniaková,SMER-SD
Nové Mesto nad Váhom,Jozef Trstenský,SMER-SD
Nové Sady,Silvia Halvoníková,KDH
Nové Zámky,Otokar Klein,NEKA
Novosad,Jozef Jastrab,NEKA
Novoť,Radoslav Kozák,KDH
Nový Ruskov,Ján Borovský,"SMER-SD, SNS, MOST - HÍD"
Nový Salaš,Andrea Michalková,NEKA
Nový Svet,Zuzana Pavleová,NEKA
Nový Tekov,Ladislav Nagy,"SMER-SD, MOST - HÍD, SNS"
Nový Život,Tibor Fehér,SMK-MKP
Nýrovce,Zoltán Fekete,MOST - HÍD
Obeckov,Miloš Koči,SMER-SD
Obid,Monika Vajda,NEKA
Obišovce,Mária Baboľová,NEKA
Oborín,Arpád Csuri,MOST - HÍD
Obručné,Danka Uhrinková,SMER-SD
Obyce,Milan Garaj,SNS
Očkov,Miroslav Beňovič,NEKA
Očová,Ján Senko,"SMER-SD, SNS"
Odorín,Mária Goduľová,SNS
Ohrady,Anikó Rabay,NEKA
Ohradzany,Andrea Kličová,NEKA
Ochodnica,Radoslav Ďuroška,SMER-SD
Ochtiná,Július Rusnák,"Zmena zdola, DÚ, OBYČAJNÍ ĽUDIA a nezávislé osobnosti (OĽANO)"
Okoč,Ladislav Polák,"SMK-MKP, MOST - HÍD"
Okoličná na Ostrove,Iveta Feketeová,NEKA
Okrúhle,Martin Jech,KDH
Okružná,Vladimír Magač,SNS
Olcnava,Jaroslav Salaj,SMER-SD
Oľdza,Ildikó Gyurcsiová,NEKA
Olejníkov,Imrich Drutarovský,SMER-SD
Olešná,Štefan Cudrák,NÁRODNÁ KOALÍCIA
Oľka,Vladimír Ščerba,MOST - HÍD
Olováry,Jozef Vízi,MOST - HÍD
Oľšavce,Slavomír Havír,SMER-SD
Oľšavica,Mikuláš Demočko,KDH
Oľšavka,Ján Biroš,"MOST - HÍD, SMER-SD"
Oľšavka,Jozef Klešč,KDH
Oľšinkov,Ján Kundrát,MOST - HÍD
Oľšov,Karol Pinčák,KDH
Olšovany,František Marcin,"SMER-SD, SNS, MOST - HÍD"
Omastiná,,
Omšenie,Alojz Marček,NEKA
Ondavské Matiašovce,Martin Mika,SMER-SD
Ondrašová,Ivana Frívaldská,NEKA
Ondrašovce,Jozef Lopuchovský,"SMER-SD, SNS"
Ondrejovce,Jozef Bielokostolský,NEKA
Opátka,Martin Müller,NEKA
Opatovce,Iveta Mondeková,NEKA
Opatovce nad Nitrou,Dana Melišková,NEKA
Opatovská Nová Ves,Csaba Kálazy,"MOST - HÍD, SMK-MKP"
Opava,Ján Krnáč,"SaS, OBYČAJNÍ ĽUDIA a nezávislé osobnosti (OĽANO)"
Opiná,Imrich Taiš,SMER-SD
Opoj,Peter Bartovič,NEKA
Oponice,Milan Gál,NEKA
Oravce,Anna Filipčová,SMER-SD
Orávka,Ján Lichanec,SMER-SD
Oravská Jasenica,Karol Graňák,NEKA
Oravská Lesná,Marek Majdiš,NEKA
Oravská Polhora,Michal Strnál,KDH
Oravská Poruba,Vladimír Kubišta,NEKA
Oravské Veselé,Albín Maslaňák,KDH
Oravský Biely Potok,Jozef Hamaň,NEKA
Oravský Podzámok,Jozef Záhora,NEKA
Ordzovany,Andrea Mlynarčíková,SNS
Orechová,Rastislav Repka,SMER-SD
Orechová Potôň,Szilárd Gálffy,NEKA
Oreské,Agnesa Stričková,NEKA
Oreské,Tomáš Mikuš,SNS
Orešany,Róbert Kopáčik,SNS
Orlov,Peter Timočko,"SMER-SD, SNS"
Orovnica,Katarína Forgáčová,SMER-SD
Ortuťová,Ján Čisár,MOST - HÍD
Osádka,Miroslav Jurák,SMER-SD
Osadné,Róbert Mikuláško,"SMER-SD, MOST - HÍD"
Osikov,Jozef Kvokačka,NEKA
Oslany,František Priekala,NEKA
Osrblie,Peter Siman,SMER-SD
Ostrá Lúka,Juraj Jelok,NEKA
Ostratice,Stanislav Margolien,NEKA
Ostrov,Jozef Tkácz,NEKA
Ostrov,František Marcin,NEKA
Ostrovany,Rastislav Popuša,SRK
Ostrý Grúň,Július Remenár,NEKA
Osturňa,Kristína Gregoričková,SMER-SD
Osuské,Anton Fiala,NEKA
Oščadnica,Marián Plevko,NEKA
Otrhánky,Ján Strempek,NEKA
Otročok,Vojtech Šomošvári,"MOST - HÍD, SMER-SD"
Ovčiarsko,Ervín Schmieger,SNS
Ovčie,Eduard Jenča,KDH
Ozdín,Pavel Salva,"KDH, SNS"
Ožďany,Ján Matej,NOVA
Pača,Ladislav Zagiba,NEKA
Padáň,Zoltán Szabó,"MOST - HÍD, SMK-MKP"
Padarovce,Peter Polóni,VÁŠ KRAJ
Pakostov,Jozef Fedorko,"SMER-SD, SNS"
Palárikovo,Ľubica Karasová,"SMER-SD, SNS"
Palín,Tibor Tomko,NEKA
Palota,Vasiľ Bomberovič,SMER-SD
Paňa,Milan Korenči,SMER-SD
Panické Dravce,Atilla Papp,SMK-MKP
Paňovce,Rozália Juhászová,NEKA
Papín,Miroslav Lukáč,SMER-SD
Papradno,Roman Španihel,SMER-SD
Parchovany,Juraj Guzej,KDH
Parihuzovce,Ján Stanko,SMER-SD
Párnica,Ján Hančiak,SNS
Partizánska Ľupča,Ladislav Balážec,NEKA
Partizánske,Jozef Božik,NEKA
Pastovce,Oto Mészáros,MOST - HÍD
Pastuchov,Daniel Tejkal,SMER-SD
Pašková,Roman Viola,NEKA
Paština Závada,Ján Masný,NEKA
Pata,Jozef Berčík,KDH
Pataš,Ernest Takács,NEKA
Patince,Rozália Tóthová,MOST - HÍD
Pavčina Lehota,Viliam Kupčo,NEKA
Pavľany,Mária Komarová,NEKA
Pavlice,Ivana Stachová,KDH
Pavlová,Monika Górová,SMK-MKP
Pavlova Ves,Rudolf Tomko,SMER-SD
Pavlovce,Jozef Kočiš,KDH
Pavlovce,Vojtech Menyhárt,"SDKÚ-DS, SMK-MKP"
Pavlovce nad Uhom,Anton Kocela,NEKA
Pažiť,Mária Gendiarová,"KDH, OBYČAJNÍ ĽUDIA a nezávislé osobnosti (OĽANO), SaS"
Pčoliné,Michal Grňa,SMER-SD
Pečeňady,Ladislav Boháčik,NEKA
Pečeňany,Jozef Lukniš,SMER-SD
Pečenice,Štefan Valko,KDH
Pečovská Nová Ves,Jaroslav Dujava,NEKA
Peder,Jozef Holečko,NEKA
Perín - Chym,Ladislav Molnár,MOST - HÍD
Pernek,Martin Ledník,NEKA
Petkovce,,
Petrikovce,Mária Vadasová,SMER-SD
Petrová,Anna Hrúzová,SMER-SD
Petrova Lehota,Radko Rožánek,SMER-SD
Petrova Ves,Štefan Beňa,"SMER-SD, SNS, MOST - HÍD"
Petrovany,Ján Lenko,NEKA
Petrovce,Ján Jenčo,KSS
Petrovce,Gyula Köböl,SMK-MKP
Petrovce,Pavel Tomčo,SMER-SD
Petrovce nad Laborcom,Štefan Rovňák,NEKA
Petrovice,Anton Pláňavský,SMER-SD
Petrovo,Ján Dovec,SNS
Pezinok,Igor Hianik,"OBYČAJNÍ ĽUDIA a nezávislé osobnosti (OĽANO), Progresívne Slovensko, SaS, SPOLU"
Piešťany,Peter Jančovič,NEKA
Pichne,Július Baník,NEKA
Píla,Eugen Čižmárik,NEKA
Píla,Ľubomír Aláč,SNS
Píla,Radovan Mičunek,"SME RODINA - Boris Kollár, SaS, OBYČAJNÍ ĽUDIA a nezávislé osobnosti (OĽANO)"
Pinciná,Valéria Votoupalová,NEKA
Pinkovce,Ján Kočiš,SMER-SD
Piskorovce,Magdaléna Šatníková,SMER-SD
Pitelová,Martina Záhorcová,NEKA
Plášťovce,Peter Köpöncei,SMK-MKP
Plavé Vozokany,Kornélia Sádovská,NEKA
Plavecké Podhradie,Július Papán,NEKA
Plavecký Mikuláš,Peter Válek,NEKA
Plavecký Peter,Jozefína Bartoňová,NEKA
Plavecký Štvrtok,Radoslav Benkovič,SMER-SD
Plaveč,Peter Šlosár,NEKA
Plavnica,Rastislav Grich,"SMER-SD, SNS"
Plechotice,Peter Koščo,SNS
Pleš,Miroslav Plaucha,NEKA
Plešivec,Iveta Šušánová,MOST - HÍD
Plevník - Drienové,Miroslav Kremeň,"SMER-SD, SNS, SZ"
Pliešovce,Štefan Sýkora,NEKA
Ploské,Eva Bakošová,NEKA
Ploské,František Petro,SMER-SD
Pobedim,Martin Lednický,SMER-SD
Počarová,Ladislav Lagín,SNS
Počúvadlo,Dušan Triebušník,NEKA
Podbiel,Slavomír Korčuška,SMER-SD
Podbranč,Milan Kadlíček,NEKA
Podbrezová,Ladislav Kardhordó,NEKA
Podhájska,Roman Ivan,NEKA
Podhorany,Magdaléna Bogyová,SMER-SD
Podhorany,Ľubica Potocká,NEKA
Podhorany,Jozef Oračko,SMER-SD
Podhorie,Dana Lóžiová,NEKA
Podhorie,Anton Chobot,SMER-SD
Podhoroď,Anton Hricko,SMER-SD
Podhradie,Bohuslav Bella,SMER-SD
Podhradie,Milan Štefkovič,KDH
Podhradie,Ľudovít Michalovič,NEKA
Podhradík,Katarína Pošiváková,NEKA
Podkonice,Ivan Barla,"KDH, SME RODINA - Boris Kollár"
Podkriváň,Jozef Malatinec,"SMER-SD, SNS"
Podkylava,Ján Morihladko,NEKA
Podlužany,Pavel Miksa,SMER-SD
Podlužany,Ida Kováčová,"SMER-SD, SNS"
Podolie,Rastislav Bobocký,NEKA
Podolínec,Jaroslav Seman,NEKA
Podrečany,Peter Kulich,NEKA
Podskalie,Zuzana Dočekalová,NEKA
Podtureň,Marián Vojtík,SMER-SD
Podvysoká,Ján Opial,"SMER-SD, SNS"
Podzámčok,Mária Hrčková,NEKA
Pohorelá,Jana Tkáčiková,NEKA
Pohranice,Laura Prešinská,NEKA
Pohronská Polhora,Dušan Nepšinský,KDH
Pohronský Bukovec,Igor Šagát,SMER-SD
Pohronský Ruskov,Ľudovít Nagy,SMK-MKP
Pochabany,Mária Štrbáková,SMER-SD
Pokryváč,Miroslav Lupták,NEKA
Poľanovce,Jozef Kaľavský,KDH
Poľany,Mikuláš Csorba,MOST - HÍD
Poliakovce,Jaroslav Tvardzik,SMER-SD
Polianka,Pavol Kňazský,NEKA
Polichno,Pavel Kyseľ,"SMER-SD, DOMA DOBRE"
Polina,Ján Punka,MOST - HÍD
Poľný Kesov,Ľubica Poluchová,NEKA
Poloma,Pavol Hanušovský,SKS
Polomka,Ján Lihan,SKS
Poltár,Martina Brisudová,NEKA
Poluvsie,Martin Šujan,SMER-SD
Pongrácovce,Mária Matlochová,KDH
Poniky,Jana Ondrejková,NEKA
Poprad,Anton Danko,NEKA
Poproč,Ľubor Kvaka,SMER-SD
Poproč,Iveta Komorová Hiľovská,NAJ
Popudinské Močidľany,Dana Žúrková,"SaS, OBYČAJNÍ ĽUDIA a nezávislé osobnosti (OĽANO), KDH, NOVA"
Poráč,Peter Volčko,SMER-SD
Poriadie,Martin Pražienka,NEKA
Porostov,Miroslav Hreščák,NEKA
Poruba,Tomáš Tóth,NEKA
Poruba pod Vihorlatom,Juraj Kriška,SMER-SD
Porúbka,Andrea Raková,SMER-SD
Porúbka,Martina Stašová,NEKA
Porúbka,Igor Frko,SMER-SD
Porúbka,Gabriel Falis,SMER-SD
Poša,Tadeáš Malý,NEKA
Potok,Martin Kurek,SMER-SD
Potok,Katarína Machová,"SMER-SD, SNS"
Potoky,Milan Vavrek,SMER-SD
Potôčky,Dušan Šmajda,SMER-SD
Potônske Lúky,Leonard Flaška,NEKA
Potvorice,Peter Kučík,NEKA
Považany,Eva Ninisová,NEKA
Považská Bystrica,Karol Janas,"SMER-SD, SNS, SZ"
Povina,Alena Dudeková,SNS
Povoda,Alexander Csóka,NEKA
Povrazník,Ivona Patrášová,SNS
Pozba,Katarína Ivaničová,NEKA
Pozdišovce,Ján Čižmárik,NEKA
Pôtor,Miroslav Činčura,NEKA
Praha,Erik Marčok,SMER-SD
Prakovce,Martin Czebrik,NEKA
Prašice,Erika Nemešová,SMER-SD
Prašník,Emil Škodáček,SMER-SD
Pravenec,Róbert Mikulášik,NEKA
Pravica,Ján Debnár,SMER-SD
Pravotice,Viera Graňačková,NEKA
Práznovce,Dušan Macho,SNS
Prečín,Anton Lagíň,"SNS, SMER-SD, SZ"
Predajná,Tatiana Čontofalská,NEKA
Predmier,Štefan Klus,SMER-SD
Prenčov,Alena Ciglanová,"SMER-SD, SNS"
Preseľany,Juraj Trsťan,NEKA
Prestavlky,Ján Abrahám,"SMER-SD, SNS"
Prešov,Andrea Turčanová,"KDH, OBYČAJNÍ ĽUDIA a nezávislé osobnosti (OĽANO), NOVA"
Príbelce,Tibor Čierny,"SMER-SD, SNS"
Pribeník,Ernest Fedor,MOST - HÍD
Pribeta,Norbert Zsitva,SMK-MKP
Pribiš,Rastislav Suroviak,SNS
Príbovce,Erika Vrabcová,NEKA
Pribylina,Milan Kohút,NEKA
Priechod,Stanislav Chaban,"SNS, MOST - HÍD"
Priekopa,Peter Sekerák,SMER-SD
Priepasné,Peter Czere,NEKA
Prietrž,Dana Blažková,DOMA DOBRE
Prietržka,Peter Flamík,NEKA
Prievaly,Tatiana Beňáková,NEKA
Prievidza,Katarína Macháčková,SPOLU
Prihradzany,Milan Čipka,SMER-SD
Príkra,Miroslav Goldir,KSS
Príslop,Jozef Blaško,SMER-SD
Prituľany,Jozef Sivák,SMER-SD
Proč,Ján Pavuk,NEKA
Prochot,Martina Rozenbergová,NEKA
Prosačov,Martin Digoň,"KDH, OBYČAJNÍ ĽUDIA a nezávislé osobnosti (OĽANO)"
Prosiek,Peter Hamráček,SMER-SD
Prša,Gábor Nagy,NEKA
Pruské,Viliam Cíbik,NEKA
Prusy,Igor Súkeník,SMER-SD
Pružina,Michal Ušiak,"SMER-SD, SNS"
Pstriná,Anna Mihalíková,SaS
Ptičie,Martin Dzemján,SMER-SD
Ptrukša,Alexander Takács,MOST - HÍD
Pucov,Metod Sojčák,NEKA
Púchov,Katarína Heneková,NEKA
Pukanec,Ján Rievaj,"SMER-SD, MOST - HÍD"
Pusté Čemerné,Juraj Jevin,SaS
Pusté Pole,Ondrej Andraščík,NEKA
Pusté Sady,Tomáš Nemeček,SMER-SD
Pusté Úľany,Henrich Čambál,SNS
Pušovce,Ján Namešpetra,NEKA
Rabča,Július Piták,NEKA
Rabčice,Jozef Slovík,SMER-SD
Rad,Mária Mozsárová,MOST - HÍD
Radatice,Gabriela Viazanková,KDH
Radava,Marian Chrenko,NEKA
Radimov,Kristína Biskupičová,NEKA
Radnovce,Aladár Bari,MOST - HÍD
Radobica,Elena Valenteje,NEKA
Radoľa,Anton Tkáčik,NEKA
Radoma,Daniela Zelonkayová,SMER-SD
Radošina,Marta Kolková,SMER-SD
Radošovce,Miroslav Remenár,KDH
Radošovce,Vladimír Kočárik,NEKA
Radôstka,Jaroslav Fekula,NEKA
Radvaň nad Dunajom,Ľubomír Púchovský,NEKA
Radvaň nad Laborcom,Jana Svičinová,SMER-SD
Radvanovce,Ľudmila Kerestešová,SMER-SD
Radzovce,Péter György,"SMK-MKP, MOST - HÍD"
Rafajovce,Božena Dubasová,NEKA
Rajčany,Mária Švecová,NEKA
Rajec,Milan Lipka,NEKA
Rajecká Lesná,Miloš Mikula,NEKA
Rajecké Teplice,Katarína Hollá,NEKA
Rákoš,Lýdia Nemogová Gallová,NEKA
Rákoš,Igor Antoni,NEKA
Raková,Anton Heglas,NEKA
Rakovčík,Iveta Horvatová,"SMER-SD, SNS, MOST - HÍD"
Rakovec nad Ondavou,Peter Olejník,SMER-SD
Rakovice,Dušan Daloš,NEKA
Rakovnica,Ľuboš Lešták,NEKA
Rakovo,Patrik Antal,NEKA
Rakša,Eva Gajdicová,DOMA DOBRE
Rakúsy,Lenka Fedáková,NEKA
Rakytník,Ján Rencsok,MOST - HÍD
Rankovce,Stanislav Hada,SRK
Rapovce,Ladislav Sóky,NEKA
Raslavice,Marek Rakoš,"KDH, NOVA"
Rastislavice,Miroslav Juhász,SMER-SD
Rašice,Aladár Miklós,SMK-MKP
Ratka,Milan Spodniak,STRANA MODERNÉHO SLOVENSKA (SMS)
Ratková,Ján Bobrovský,MOST - HÍD
Ratkovce,Martin Červenka,NEKA
Ratkovo,Rastislav Frkáň,NEKA
Ratkovská Lehota,Milan Koska,SMER-SD
Ratkovská Suchá,Stanislav Palic,KSS
Ratkovské Bystré,Dušan Bodnár,SMER-SD
Ratnovce,Daniela Sigetová,KDH
Ratvaj,Monika Juneková,KDH
Ráztočno,Ivan Škrteľ,SMER-SD
Ráztoka,Zuzana Vaníková,SMER-SD
Ražňany,Radovan Rokošný,KDH
Reca,Zoltán Metzner,"SMK-MKP, MOST - HÍD"
Regetovka,Dárius Kuruc,SMER-SD
Rejdová,Slávka Krišťáková,SNS
Reľov,František Dudžák,NEKA
Remeniny,Jaroslav Pasternák,SNS
Remetské Hámre,Marek Kondžura,NEKA
Renčišov,Miroslav Paločko,SMER-SD
Repejov,Peter Cipka,SNS
Repište,Vladimír Šalkovský,NEKA
Rešica,František Bodnár,"MOST - HÍD, SMK-MKP"
Rešov,Helena Jamroškovičová,"MOST - HÍD, SNS, KDH, SOĽ"
Revúca,Július Buchta,"SNS, SMER-SD"
Revúcka Lehota,Ján Šeševička,NEKA
Riečka,Oskár Tóth,NEKA
Riečka,Marián Spišiak,KDH
Richnava,Ivan Dunka,STS
Richvald,Zuzana Germanová,NEKA
Rimavská Baňa,Elena Polóniová,NEKA
Rimavská Seč,Márta Stubendek,SMK-MKP
Rimavská Sobota,Jozef Šimko,NEKA
Rimavské Brezovo,Marián Šivara,NEKA
Rimavské Janovce,Stanislav Krahulec,SMER-SD
Rimavské Zalužany,Milan Medveď,SNS
Rišňovce,Mário Machovec,NEKA
Rohov,Roman Ravas,NEKA
Rohovce,Zoltán László,NEKA
Rohožník,Jana Paľová,SMER-SD
Rohožník,Peter Švaral,NEKA
Rochovce,Stanislav Levrinc,"NÁRODNÁ KOALÍCIA, MOST - HÍD"
Rokycany,Miloš Jaš,SMER-SD
Rokytov,Ľubomír Pangrác-Piter,SMER-SD
Rokytov pri Humennom,Jozef Drobňák,SMER-SD
Rokytovce,Viera Palejová,SMER-SD
Rosina,Jozef Machyna,SMER-SD
Roškovce,Milan Čeremeta,SNS
Roštár,Andrej Lalik,KDH
Rovensko,Marian Rehuš,NEKA
Rovinka,Milan Kubeš,NEKA
Rovňany,Jana Cabanová,SMER-SD
Rovné,Jozef Baláž,SMER-SD
Rovné,Jaroslava Ďurove,SMER-SD
Rovné,Stanislav Viravec,"SNS, MOST - HÍD, SME RODINA - Boris Kollár"
Rozhanovce,Viktor Gazdačko,"Sas, KDH"
Rozložná,Viktor Vápeník,SMER-SD
Roztoky,Martin Jurkovič,"SNS, MOST - HÍD, SME RODINA - Boris Kollár"
Rožkovany,Beáta Kollárová,NEKA
Rožňava,Michal Domik,NEKA
Rožňavské Bystré,Želmíra Gonosová,SMER-SD
Rúbaň,Štěpánka Zacharová,NEKA
Rudina,Anna Mičianová,SMER-SD
Rudinka,Viliam Michel,SNS
Rudinská,Jozef Švirík,NEKA
Rudlov,Juraj Vasiľ,KDH
Rudná,Henrieta Horváthová,MOST - HÍD
Rudňany,Rastislav Neuvirth,SNS
Rudnianska Lehota,Ivan Javorček,SMER-SD
Rudník,Monika Malcová,NEKA
Rudník,Oľga Kormošová,NEKA
Rudno,Zdena Lichnerová,NEKA
Rudno nad Hronom,Marián Šurjanský,"SaS, OBYČAJNÍ ĽUDIA a nezávislé osobnosti (OĽANO), KDH"
Rumanová,Jozef Jankovič,SMER-SD
Rumince,Jozef Hibler,MOST - HÍD
Runina,Marián Regula,SMER-SD
Ruská,Erika Lakatošová,SMK-MKP
Ruská Bystrá,Ján Sakulič,SMER-SD
Ruská Kajňa,Anna Kuzmová,SMER-SD
Ruská Nová Ves,Tibor Kollár,KDH
Ruská Poruba,,
Ruská Voľa,Anna Chamajová,SMER-SD
Ruská Voľa nad Popradom,Miroslav Tomčo,SMER-SD
Ruská Volová,Eva Turbáková,SMER-SD
Ruskov,Peter Smrčo,NEKA
Ruskovce,Jaroslav Mlynek,NEKA
Ruskovce,Anna Ohradzanská,NEKA
Ruský Hrabovec,Juraj Cinkanič,SMER-SD
Ruský Potok,Veronika Paraska,SNS
Ružiná,Jozef Líška,SNJ-sv
Ružindol,Peter Galanský,NEKA
Ružomberok,Igor Čombor,NEKA
Rybany,Roman Malánik,SMER-SD
Rybky,Henrich Ravas,NEKA
Rybník,Ľubomír Eremiáš,KDH
Rybník,Daniela Trňanová,"SNS, KDH"
Rykynčice,Eva Nemčovská,"SaS, OBYČAJNÍ ĽUDIA a nezávislé osobnosti (OĽANO)"
Sabinov,Michal Repaský,NEKA
Sačurov,Peter Barát,NEKA
Sádočné,Ivan Sádecký,SMER-SD
Sady nad Torysou,Iveta Tomková,NEKA
Salka,Silvia Cagalová,NEKA
Santovka,Ľubomír Lőrincz,"SMER-SD, MOST - HÍD, SNS"
Sap,František Miklós,"MOST - HÍD, SMK-MKP"
Sása,Marta Bystránová,SMER-SD
Sása,Iveta Hladká,NEKA
Sasinkovo,Jana Ešmírová,NEKA
Sazdice,Zoltán Srna,SMK-MKP
Sebedín-Bečov,Ján Škamla,NEKA
Sebedražie,Dana Kolláriková,NEKA
Sebechleby,Martin Schvarc,NEKA
Seč,Anton Vrecko,NEKA
Sečianky,Jozef Deák,NEKA
Sečovce,Jozef Gamrát,NEKA
Sečovská Polianka,Michal Urban,NEKA
Sedliacka Dubová,Ladislav Tomáň,"SNS, SMER-SD"
Sedlice,Marek Guman,KDH
Sedliská,Matej Sabol,NEKA
Sedmerovec,Pavol Tichý,NEKA
Sejkov,Peter Tokár,KDH
Sekule,Adrian Krajčír,NEKA
Seľany,Pavel Celeng,SMER-SD
Selce,Vladimír Bodnár,SPOLU
Selce,Mária Šulcová,"SMER-SD, SNS, STRANA MODERNÉHO SLOVENSKA (SMS)"
Selce,Ján Kupec,KDH
Selec,Stanislav Svatik,NEKA
Selice,Igor Mandák,NEKA
Semerovo,Milan Mikulec,SNS
Seňa,Marcela Gallová,SMER-SD
Senec,Dušan Badinský,NEKA
Seniakovce,Jozef Pončák,SNS
Senica,Martin Džačovský,NEKA
Senné,Peter Saboslai,SMER-SD
Senné,Ján Ragač,SMER-SD
Senohrad,Oľga Bartková,"SMER-SD, SNS, STRANA MODERNÉHO SLOVENSKA (SMS), MOST - HÍD"
Sereď,Martin Tomčányi,NEKA
Sielnica,Anna Gavajdová,SMER-SD
Sihelné,Ľubomír Piták,KDH
Sihla,Marián Ilčík,STRANA MODERNÉHO SLOVENSKA (SMS)
Sikenica,Július Maďar,MOST - HÍD
Sikenička,Katarína Grófová,SMK-MKP
Siladice,Róbert Repka,NEKA
Silica,Tomáš Várady,SMK-MKP
Silická Brezová,Alžbeta Sanislóová,NEKA
Silická Jablonica,Bartolomej Angyal,MOST - HÍD
Sirk,Daniel Fakla,"SNS, SMER-SD"
Sirník,Viktor Kalán,"SMER-SD, MOST - HÍD"
Skačany,Juraj Kližan,SNS
Skalica,Anna Mierna,"OBYČAJNÍ ĽUDIA a nezávislé osobnosti (OĽANO), SaS, NOVA"
Skalité,Jozef Cech,"SMER-SD, SNS"
Skalka nad Váhom,Anton Horečný,NEKA
Skároš,Ľubomír Vranka,SMER-SD
Skerešovo,Alena Kalinová,SMER-SD
Sklabiná,Marta Kálovcová,"SMER-SD, MOST - HÍD"
Sklabiňa,Anna Silvestrová,NEKA
Sklabinský Podzámok,Božena Drobková,SMER-SD
Sklené,Erika Lahutová,SMER-SD
Sklené Teplice,Ľubomír Meliš,SMER-SD
Skrabské,Ján Mičko,SOĽ
Skýcov,Tomáš Kolembus,NEKA
Sládkovičovo,Anton Szabó,NEKA
Slančík,Ján Bačo,NEKA
Slanec,Jozef Bela,NEKA
Slanská Huta,Martina Urbanová,NEKA
Slanské Nové Mesto,Milan Diheneščík,SMER-SD
Slaská,Daniel Gelien,NEKA
Slatina,Árpád Bazsó,SMK-MKP
Slatina nad Bebravou,Alena Vranková,SMER-SD
Slatinka nad Bebravou,Zuzana Koláriková,SME RODINA - Boris Kollár
Slatinské Lazy,Darina Hroncová,SMER-SD
Slatvina,Vladislav Vrábeľ,SMER-SD
Slavec,Gejza Ambrúš,NEKA
Slavkovce,Iveta Pavliková,NEKA
Slavnica,Anna Prekopová,KDH
Slavoška,Ján Jakubovský,SMER-SD
Slavošovce,Štefan Bašták,SMER-SD
Sľažany,Jozef Magát,"SMER-SD, SNS"
Slepčany,Ján Határ,SMER-SD
Sliač,Ľubica Balgová,NEKA
Sliepkovce,Kamil Minda,NEKA
Slivník,Ján Michalko,NEKA
Slizké,Marcela Sekrénešová,SMER-SD
Slopná,Štefan Hrenák,KDH
Slovany,Marek Straka,SMER-SD
Slovenská Kajňa,Lenka Hierzer Štiber,SME RODINA - Boris Kollár
Slovenská Ľupča,Roland Lamper,STRANA MODERNÉHO SLOVENSKA (SMS)
Slovenská Nová Ves,Andrej Kusý,NEKA
Slovenská Ves,Stanislav Gallik,NEKA
Slovenská Volová,Pavol Šimurda,KDH
Slovenské Ďarmoty,Denisa Árvayová,NEKA
Slovenské Kľačany,Anna Mužíková,"SMER-SD, SNS, MOST - HÍD"
Slovenské Krivé,Marek Balica,MOST - HÍD
Slovenské Nové Mesto,Ján Kalinič,"SDKÚ-DS, SMER-SD"
Slovenské Pravno,,
Slovenský Grob,Štefan Gašparovič,"SMER-SD, SNS"
Slovinky,Gabriela Kopnická,NEKA
Smilno,Vladimír Baran,SNS
Smižany,Miroslava Szitová,"KDH, SaS, OBYČAJNÍ ĽUDIA a nezávislé osobnosti (OĽANO)"
Smolenice,Anton Chrvala,NEKA
Smolinské,Vladimír Smolinský,NEKA
Smolnícka Huta,Marián Pohly,NEKA
Smolník,Radoslav Dlugoš,SKS
Smrdáky,Ingrid Tripšanská,KDH
Smrečany,Ladislav Hološ,KDH
Snakov,Ján Bijalko,SMER-SD
Snežnica,Milan Hlavatý,SMER-SD
Snina,Daniela Galandová,NEKA
Soblahov,Marian Hudec,NEKA
Soboš,Ivana Ivančová,SMER-SD
Sobotište,Dušan Horňák,NEKA
Sobrance,Pavol Džurina,NEKA
Socovce,Iveta Krupcová,DOMA DOBRE
Sokoľ,Ľuboš Šuca,ŠANCA
Sokoľany,František Beregszászi,NEKA
Sokolce,František Mayer,NEKA
Sokolovce,Marián Dóczy,NEKA
Soľ,Jozef Berta,SMER-SD
Solčany,Juraj Soboňa,SNS
Solčianky,Juraj Krištof,NEKA
Soľnička,Mária Sajková,MOST - HÍD
Soľník,Radoslav Slivka,SNS
Sološnica,Anna Čermáková,NEKA
Somotor,Ján Juhász,MOST - HÍD
Sopkovce,Mária Bučková,NEKA
Spišská Belá,Jozef Kuna,NEKA
Spišská Nová Ves,Pavol Bečarik,"SNS, SMER-SD, MOST - HÍD"
Spišská Stará Ves,Ján Kurňava,NEKA
Spišská Teplica,Radoslav Šeliga,NEKA
Spišské Bystré,Marián Luha,NEKA
Spišské Hanušovce,Jozef Dudžák,NEKA
Spišské Podhradie,Michal Kapusta,"KDH, SNS, MOST - HÍD"
Spišské Tomášovce,Zuzana Nebusová,NEKA
Spišské Vlachy,Ľubomír Fifik,NEKA
Spišský Hrhov,Vladimír Ledecký,NEKA
Spišský Hrušov,Adriana Tkáčová,NEKA
Spišský Štiavnik,Mária Kleinová,NEKA
Spišský Štvrtok,Ján Greš,NEKA
Stakčín,Miroslav Bober,SMER-SD
Stakčínska Roztoka,Ján Stošek,NEKA
Stanča,Ján Hančin,NEKA
Stankovany,Vladimír Urban,"SMER-SD, SNS"
Stankovce,Ján Krucovčin,NEKA
Stará Bašta,Ildikó Lászlóová,"MOST - HÍD, SMK-MKP"
Stará Bystrica,Ján Podmanický,"SMER-SD, SNS"
Stará Halič,Jozef Gembec,NEKA
Stará Huta,Milan Gonda,NEKA
Stará Kremnička,Stanislav Rigo,NEKA
Stará Lehota,Peter Michalka,SMER-SD
Stará Lesná,Ľubomír Lauf,"SNS, SMER-SD"
Stará Ľubovňa,Ľuboš Tomko,NEKA
Stará Myjava,Pavol Kováč,NEKA
Stará Turá,Leopold Barszcz,NEKA
Stará Voda,Ján Jarábek,SMER-SD
Staré,Michal Bereznanin,NEKA
Staré Hory,Marián Gajdoš,NEKA
Starina,Jana Kolejová,SMER-SD
Starý Hrádok,Helena Szabóová,"SMER-SD, MOST - HÍD, SNS"
Starý Tekov,Peter Štefan,"SMER-SD, MOST - HÍD, SNS"
Staškov,Ladislav Šimčisko,"SMER-SD, SNS"
Staškovce,Peter Gojdič,NEKA
Stebnícka Huta,Gabriel Šiba,"SMER-SD, SNS, MOST - HÍD"
Stebník,Slavomír Mlynár,NEKA
Stožok,Darina Petrincová,"SMER-SD, SNS"
Stráňany,Viera Kravčáková,SMER-SD
Stráňavy,Jozef Papán,SMER-SD
Stráne pod Tatrami,Rastislav Sloveňák,SMER-SD
Stránska,Martin Šmíro,NEKA
Stránske,Jaroslav Mitaš,NEKA
Stratená,Daša Ovšonková,SaS
Stráža,Ján Poliak,KDH
Strážne,Július Horváth,NEKA
Strážske,Vladimír Dunajčák,SMER-SD
Strečno,Dušan Štadáni,NEKA
Streda nad Bodrogom,Zoltán Mento,NEKA
Stredné Plachtince,Štefan Benko,"SMER-SD, MOST - HÍD"
Strekov,Ján Téglás,SMK-MKP
Strelníky,Ján Majer,SNS
Stretava,Roman Hudy,NEKA
Stretavka,Matej Šarocký,ŠANCA
Streženice,Juraj Hrišo,SMER-SD
Strihovce,Iveta Ihnatková,SNS
Stročín,Tibor Sluťak,NEKA
Stropkov,Ondrej Brendza,NEKA
Studená,Eva Magová,NEKA
Studenec,Jozef Rusnák,NEKA
Studienka,Boris Soukup,SMER-SD
Stuľany,Hedviga Billá,"KDH, SNS"
Stupava,Peter Novisedlák,"SaS, OBYČAJNÍ ĽUDIA a nezávislé osobnosti (OĽANO), NOVA, KDH, Zmena zdola, DÚ"
Stupné,Peter Krajčoviech,"SMER-SD, SNS"
Sučany,Martin Rybár,NEKA
Sudince,Daniela Šinková,SMER-SD
Súdovce,Andrea Hanuliaková,SMER-SD
Suchá Dolina,Katarína Petrenčáková,KDH
Suchá Hora,Miloš Šustek,NEKA
Suchá nad Parnou,Martin Glončák,NEKA
Sucháň,Anna Triznová,"SMER-SD, SNS"
Suché,Jarmila Lopatová,SMER-SD
Suché Brezovo,Eva Cinkotová,NEKA
Suchohrad,Jozef Temer,NEKA
Sukov,Alena Jedináková,SMER-SD
Sulín,Anna Hiľáková,NEKA
Súľov - Hradná,Jaroslav Bušfy,SMER-SD
Súlovce,Gabriel Svorad,"SMER-SD, SNS"
Sušany,Štefan Vaclavik,KDH
Sútor,Gabriel Lakatoš,KDH
Svätá Mária,Alžbeta Mátyásová,NEKA
Svätoplukovo,Ivan Lobodáš,SMER-SD
Svätuš,Michal Širochman,SMER-SD
Svätuše,Gustáv Liszkai,"SMER-SD, SMK-MKP, MOST - HÍD"
Svätý Anton,Martin Kminiak,SNS
Svätý Jur,Šimon Gabura,KDH
Svätý Kríž,Dušan Matejka,NEKA
Svätý Peter,Jozef Jobbágy,MOST - HÍD
Svederník,Roman Lisický,NEKA
Sverepec,Maroš Ondráš,"SNS, SMER-SD"
Sveržov,Pavol Ceľuch,NEKA
Svetlice,Martina Husárová,NEKA
Svidnička,Anna Paňková,"SMER-SD, MOST - HÍD"
Svidník,Marcela Ivančová,NEKA
Svinia,Miroslav Nawrat,NEKA
Svinica,Ľubomír Šimko,NEKA
Svinice,Magdaléna Kondásová,SMK-MKP
Svinná,Anna Sýkorová,NEKA
Svit,Dáša Vojsovičová,NEKA
Svodín,Szabolcs Méri,SMK-MKP
Svrbice,Vladimír Hromádka,SMER-SD
Svrčinovec,Renáta Majchráková,NEKA
Šahy,Štefan Gregor,NEKA
Šajdíkove Humence,Pavol Burda,SDKÚ-DS
Šaľa,Jozef Belický,NEKA
Šalgočka,Helena Mesárošová,SMER-SD
Šalgovce,Tibor Púček,"SMER-SD, SNS"
Šalov,Renáta Kassaiová,"MOST - HÍD, SMER-SD"
Šambron,Štefan Petrus,SMER-SD
Šamorín,Csaba Orosz,SMK-MKP
Šamudovce,Emil Ircha,NEKA
Šandal,Jaroslav Mikula,KDH
Šarbov,Stanislav Skasko,SMER-SD
Šarišská Poruba,Ján Hudák,NEKA
Šarišská Trstená,Jaroslav Fogaš,SMER-SD
Šarišské Bohdanovce,Peter Merkovský,"SMER-SD, SNS"
Šarišské Čierne,Andrej Buvalič,MOST - HÍD
Šarišské Dravce,Marko Angelovič,KDH
Šarišské Jastrabie,Ľubomír Rešetár,"SMER-SD, SNS"
Šarišské Michaľany,Jozef Mačo,NEKA
Šarišské Sokolovce,Anton Durkáč,SMER-SD
Šarišský Štiavnik,Michal Kimák,MOST - HÍD
Šarkan,Beata Székelyová,NEKA
Šarovce,Magdaléna Jónášová,NEKA
Šašová,Jozef Vargovčík,SMER-SD
Šaštín - Stráže,Jaroslav Suchánek,NEKA
Šávoľ,Július Ferencz,"SMER-SD, MOST - HÍD, SMK-MKP"
Šelpice,Ružena Opálková,NEKA
Šemetkovce,Ján Marchevský,"SNS, MOST - HÍD"
Šemša,Martin Köver,SMER-SD
Šenkvice,Peter Fitz,"SMER-SD, SNS"
Šiatorská Bukovinka,Peter Badinka,SMER-SD
Šiba,Peter Lenárt,SNS
Šíd,Arnold Kurunci,MOST - HÍD
Šimonovce,Štefan Gál,"MOST - HÍD, SMK-MKP"
Šindliar,František Sedlák,KDH
Šintava,Stanislava Režnáková,NEKA
Šípkov,Eduard Hollý,SNS
Šípkové,Janka Miškufová,SMER-SD
Širákov,Tibor Dímik,MOST - HÍD
Širkovce,Nándor Kisfaludi,"MOST - HÍD, SMK-MKP"
Široké,Stanislav Bartoš,NEKA
Šišov,Elena Valachová,SMER-SD
Šivetice,Ľudovít Sendrei,SMER-SD
Šmigovec,Michal Pidanič,SNS
Šoltýska,Marian Janiš,NEKA
Šoporňa,Adrián Macho,NEKA
Špačince,Július Zemko,SMER-SD
Špania Dolina,Martina Wilhelmerová,NEKA
Španie Pole,Vladimír Bien,NEKA
Šrobárová,Anna Šušoliaková,KDH
Štefanov,František Chudý,"OBYČAJNÍ ĽUDIA a nezávislé osobnosti (OĽANO), SaS"
Štefanov nad Oravou,Ivan Maťuga,NEKA
Štefanová,Viliam Tekula,NEKA
Štefanovce,František Kolarčík,KDH
Štefanovce,Slavomír Bujko,SMER-SD
Štefanovičová,Gabriela Arpášová,SMER-SD
Štefurov,Jana Rišková,MOST - HÍD
Šterusy,Štefan Madunický,NEKA
Štiavnické Bane,Stanislav Neuschl,"SNS, SMER-SD"
Štiavnička,Ladislav Zvara,SMER-SD
Štiavnik,Štefan Vároš,NEKA
Štitáre,Zuzana Vinkovičová,"SMER-SD, MOST - HÍD, SNS"
Štítnik,Ladislav Belányi,KDH
Štós,Anton Imling,NEKA
Štôla,Martin Hajko,SMER-SD
Štrba,Michal Sýkora,NEKA
Štrkovec,Norbert Keszi,NEKA
Štúrovo,Eugen Szabó,NEKA
Štvrtok,Pavol Habdák,SMER-SD
Štvrtok na Ostrove,Péter Őry,SMK-MKP
Šuja,Michal Pastorek,SNS
Šuľa,Marianna Marková,SMER-SD
Šumiac,Jarmila Gordanová,SMER-SD
Šuňava,Stanislav Kubaský,NEKA
Šurany,Marek Oremus,SMER-SD
Šurianky,Marek Peňaško,SMER-SD
Šurice,Zoltán Végh,SMK-MKP
Šúrovce,Žaneta Gogolová,NEKA
Šútovce,Miroslav Rajčo,NEKA
Šútovo,Ľubomír Maďari,SMER-SD
Švábovce,Ján Mlynár,SMER-SD
Švedlár,Vladimír Končík,"KDH, SaS, ŠANCA"
Švošov,Milan Široň,NEKA
Tachty,Július Molnár,MOST - HÍD
Tajná,Gabriela Šplehová,SMER-SD
Tajov,Janette Cimermanová,NEKA
Ťapešovo,Pavol Bugaj,"SMER-SD, SNS"
Tarnov,Anna Kuľková,NEKA
Tašuľa,Milan Hrešo,ŠANCA
Tatranská Javorina,Alena Pitoňáková,NEKA
Tehla,Tibor Taldík,NEKA
Tekolďany,Alena Rolincová,SMER-SD
Tekovská Breznica,Jozef Dolinaj,SMER-SD
Tekovské Lužany,Marián Kotora,"SMK-MKP, SMER-SD"
Tekovské Nemce,Erika Valkovičová,SMER-SD
Tekovský Hrádok,Vojtech Ožvald,NEKA
Telgárt,Peter Novysedlák,NEKA
Telince,Róbert Szurdi,NEKA
Temeš,Oľga Fakanová,SMER-SD
Teplička,Peter Lačný,KDH
Teplička nad Váhom,Viliam Mrázik,NEKA
Tepličky,Michal Kolena,"SMER-SD, SNS"
Teplý Vrch,Janka Janšová,SNS
Terany,Iveta Gajdošová,"SMER-SD, SNS, STRANA MODERNÉHO SLOVENSKA (SMS)"
Terchová,Jozef Dávidík,NEKA
Teriakovce,Miroslav Angelovič,"SMER-SD, SNS"
Terňa,Juraj Senderák,NEKA
Tesáre,Daniel Bago,KDH
Tesárske Mlyňany,Štefan Valkovič,NEKA
Tešedíkovo,Ildikó Kőrösi,SMK-MKP
Tibava,Marián Čuhanič,SMER-SD
Tichý Potok,Ľubica Džugánová,KDH
Timoradza,Juraj Krajčík,NEKA
Tisinec,Jozef Kačmár,"SMER-SD, MOST - HÍD"
Tisovec,Irena Milecová,NEKA
Tlmače,Miroslav Kupči,SNS
Točnica,Jana Ivaničová,"SMER-SD, SNS"
Tokajík,Jana Medvecová,"SMER-SD, SNS"
Tomášikovo,Zoltán Horváth,MOST - HÍD
Tomášov,István Pomichal,NEKA
Tomášovce,Ján Mičuda,SMER-SD
Tomášovce,Vojtech Gyurán,MOST - HÍD
Topoľa,Mária Bobriková,SMER-SD
Topoľčany,Alexandra Gieciová,NEKA
Topoľčianky,Juraj Mesko,SMER-SD
Topoľnica,Zoltán Szilvási,NEKA
Topoľníky,László Bacsó,SMK-MKP
Topoľovka,Štefan Ladičkovský,SMER-SD
Toporec,Gustáv Pompa,SMER-SD
Tornaľa,Anna Szögedi,SMK-MKP
Torysa,Jozef Stedina,NEKA
Torysky,Ján Čarák,SMER-SD
Tovarné,Kvetoslava Mižáková,"SMER-SD, SNS"
Tovarnianska Polianka,Marián Kerčák,SMER-SD
Tovarníky,Alena Ščibrányiová,NEKA
Tôň,Imrich Bugár,NEKA
Trakovice,Ľudovít Tolarovič,NEKA
Trávnica,Emil Ivan,NEKA
Trávnik,Karol Farkas,MOST - HÍD
Trebatice,Juraj Valo,NEKA
Trebejov,Štefánia Cibuľáková,KDH
Trebeľovce,Marcel Hudec,NEKA
Trebichava,Iveta Šebeňová,SMER-SD
Trebišov,Marek Čižmár,NEKA
Trebostovo,Ivan Trimaj,SMER-SD
Trebušovce,Marek Krnáč,MKDA-MKDSZ
Trenč,Andrej Barcík,SMER-SD
Trenčianska Teplá,Slavomíra Propperová,NOVA
Trenčianska Turná,Peter Mikula,NEKA
Trenčianske Bohuslavice,Darina Jurigová,SMER-SD
Trenčianske Jastrabie,Marek Brožek,NEKA
Trenčianske Mitice,Jana Šebáňová,SNS
Trenčianske Stankovce,Martin Markech,NEKA
Trenčianske Teplice,Zuzana Frajková Ďurmeková,NEKA
Trenčín,Richard Rybníček,NEKA
Trhová Hradská,Gergely Török,SMK-MKP
Trhovište,Róbert Koba,SMER-SD
Trnava,Peter Bročka,NEKA
Trnavá Hora,Pavel Kravec,NEKA
Trnava pri Laborci,Vladimír Adam,SNS
Trnávka,Attila Horváth,MOST - HÍD
Trnávka,Božena Filková,"OBYČAJNÍ ĽUDIA a nezávislé osobnosti (OĽANO), SaS"
Tŕnie,Martina Kubincová,NEKA
Trnkov,Jiří Ballarin,NEKA
Trnovec,Jozef Kotvan,KDH
Trnovec nad Váhom,Oliver Berecz,NEKA
Trnovo,Martin Buocik,NEKA
Tročany,Matúš Stavar,MOST - HÍD
Trpín,Miroslav Melaga,SNS
Trsťany,Rudolf Pupala,NEKA
Trstená,Magdaléna Zmarzláková,NEKA
Trstená na Ostrove,Zuzana Bónová,"MOST - HÍD, SMK-MKP"
Trstené,Anna Naďová,ŠANCA
Trstené pri Hornáde,Matej Kočiš,NEKA
Trstice,Eva Kaczová,SMK-MKP
Trstín,Peter Hlávek,NEKA
Tuhár,Peter Čeman,"SMER-SD, SNS, DOMA DOBRE"
Tuhrina,František Lorinc,NEKA
Tuchyňa,Rastislav Krajčík,KDH
Tulčík,Danka Dobranská,"SMER-SD, SNS, MOST - HÍD"
Tupá,Erika Holomeková,NEKA
Turá,Margaréta Bogárová,SME RODINA - Boris Kollár
Turany,Dušan Novysedlák,NEKA
Turany nad Ondavou,,
Turcovce,Cyril Vasiľ,SMER-SD
Turček,Ján Teltsch,NEKA
Turčianky,Eva Dragulová,SMER-SD
Turčianska Štiavnička,Peter Očka,DOMA DOBRE
Turčianske Jaseno,Rastislav Jesenský,NEKA
Turčianske Kľačany,Adriana Záborská,NEKA
Turčianske Teplice,Igor Hus,NEKA
Turčiansky Ďur,Viera Hanesová,NEKA
Turčiansky Peter,Ondrej Výbošťok,NEKA
Turčok,Tatiana Belánová,SMER-SD
Turecká,Ivan Janovec,NEKA
Tureň,Štefan Čermák,MOST - HÍD
Turie,Alica Kostolná,KDH
Turík,Vladimír Hatiar,NEKA
Turňa nad Bodvou,Atila Oravecz,MOST - HÍD
Turnianska Nová Ves,János Koleszár,SMK-MKP
Turová,Jana Jarotová,NEKA
Turzovka,Ľubomír Golis,"SMER-SD, SNS"
Tušice,Ján Záhorský,KDH
Tušická Nová Ves,Jarmila Vaľovská,KDH
Tužina,Miroslav Dzina,NEKA
Tvarožná,Dagmar Mathiová,"SNS, SMER-SD"
Tvrdomestice,Jozef Beňo,NEKA
Tvrdošín,Ivan Šaško,NEKA
Tvrdošovce,Marián Tóth,MOST - HÍD
Ubľa,Nadežda Sirková,SMER-SD
Úbrež,Martin Hvižďak,OBYČAJNÍ ĽUDIA a nezávislé osobnosti (OĽANO)
Udavské,Peter Hudák,SMER-SD
Udiča,Peter Chochlík,SMER-SD
Údol,Vladimír Kravec,NEKA
Uhliská,Ferdinand Ďurdík,SNS
Úhorná,Roman König,NEKA
Uhorská Ves,Vladimír Multáň,SMER-SD
Uhorské,Pavel Olšiak,SNS
Uhrovec,Zuzana Máčeková,NEKA
Uhrovské Podhradie,Javier Linde Esteban,NEKA
Úľany nad Žitavou,Rudolf Frýželka,DOMA DOBRE
Ulič,Ján Holinka,SNS
Uličské Krivé,Juraj Cogan,NOVA
Uloža,Pavol Abrahamovský,SMER-SD
Uňatín,Lenka Sedmáková,NEKA
Unín,Ján Palkovič,NEKA
Urmince,Matúš Hubinský,SNS
Utekáč,Miroslav Barutiak,NEKA
Uzovce,Jaroslav Golodžej,SMER-SD
Uzovská Panica,Peter Babík,MOST - HÍD
Uzovské Pekľany,Marek Gruška,NEKA
Uzovský Šalgov,Jozef Merva,KDH
Vaďovce,Alžbeta Tuková,SMER-SD
Vagrinec,Peter Klim,"SNS, MOST - HÍD"
Váhovce,Adrián Kubica,NEKA
Vajkovce,Róbert Čorba,SMER-SD
Valaliky,Štefan Petrík,KDH
Valaská,Peter Jenča,NEKA
Valaská Belá,Miloš Cúcik,"SMER-SD, NÁRODNÁ KOALÍCIA"
Valaská Dubová,Igor Tulinský,KDH
Valča,Mária Ondráčková,NEKA
Valentovce,Michal Firkaľ,SMER-SD
Valice,Ján Ďuriška,NEKA
Valkovce,Ján Chrzan,"SNS, MOST - HÍD"
Vaľkovňa,Mária Bobáková,SZS
Vaniškovce,Marcel Kvokačka,"MOST - HÍD, KDH"
Vápeník,Jaroslav Krajkovič,SMER-SD
Varadka,Sylvia Chudíková,MOST - HÍD
Varechovce,Milan Hudák,"SMER-SD, SNS"
Varhaňovce,Ľubica Pankievičová,"MOST - HÍD, KDH, OBYČAJNÍ ĽUDIA a nezávislé osobnosti (OĽANO), SaS, NOVA"
Vasiľov,Anton Grigeľ,SNS
Vavrečka,Peter Kružel,NEKA
Vavrinec,Helena Kiššová,SMER-SD
Vavrišovo,Ľubica Chlebová,NEKA
Važec,Milan Lištiak,SMER-SD
Včelince,Ľubomír Kosztúr,"SMK-MKP, MOST - HÍD"
Večelkov,Tibor Kovács,SMK-MKP
Vechec,Ladislav Tóth,EDS
Veľaty,Mikuláš Levkut,SMER-SD
Velčice,Ľubomír Gahír,"SMER-SD, SNS"
Veličná,Daniel Laura,NEKA
Veľká Čalomija,Roman Pásztor,SMK-MKP
Veľká Čausa,Nikola Pekárová,SNS
Veľká Čierna,Ján Matejička,SMER-SD
Veľká Dolina,Vladimír Tulipán,NEKA
Veľká Franková,Pavol Soľava,NEKA
Veľká Hradná,Anna Petríková,SNS
Veľká Ida,Peter Nagy,NEKA
Veľká Lehota,Jozef Mihál,KDH
Veľká Lesná,Ján Michna,SMER-SD
Veľká Lodina,Ján Lukáč,SPOLU
Veľká Lomnica,Peter Duda,NEKA
Veľká Lúka,Andrea Chromeková,NEKA
Veľká Mača,Štefan Lancz,MOST - HÍD
Veľká nad Ipľom,Gabriel Rácz,NEKA
Veľká Paka,Ivan Seňan ml.,NEKA
Veľká Tŕňa,Helena Kavčáková,KDH
Veľká Ves,Jozef Líška,NEKA
Veľká Ves nad Ipľom,Ladislav Kerata,MOST - HÍD
Veľké Bierovce,Silvia Masárová,NEKA
Veľké Blahovo,Júlia Gányovicsová,NEKA
Veľké Borové,Kamil Jančura,KDH
Veľké Dravce,Viera Rubintová,"SMER-SD, MOST - HÍD, SMK-MKP"
Veľké Držkovce,Marián Čerňanský,SNS
Veľké Dvorany,Ladislav Jančovič,SMER-SD
Veľké Dvorníky,Ján Ürögi,NEKA
Veľké Hoste,Gabriela Bronišová,NEKA
Veľké Chlievany,Zuzana Flórová,SMER-SD
Veľké Chyndice,Csaba Farkas,SMER-SD
Veľké Kapušany,Peter Petrikán,NEKA
Veľké Kosihy,Lajos Csóka,MOST - HÍD
Veľké Kostoľany,Gilbert Liška,NEKA
Veľké Kozmálovce,Tomáš Báťa,NEKA
Veľké Kršteňany,Vladimír Kopál,"SMER-SD, SNS"
Veľké Leváre,Richard Nimsch,NEKA
Veľké Lovce,Libor Kráľ,SMER-SD
Veľké Ludince,Zita Cseri,NEKA
Veľké Orvište,Pavol Paulovič,NEKA
Veľké Ozorovce,Alena Kováčová,SMER-SD
Veľké Pole,František Demeter,SMER-SD
Veľké Raškovce,Elemér Jakab,MOST - HÍD
Veľké Revištia,Martin Hrunka,NEKA
Veľké Ripňany,Jozef Krištof,NEKA
Veľké Rovné,Jozef Mičieta,SMER-SD
Veľké Slemence,Ľudovít Tóth,SMK-MKP
Veľké Straciny,Ján Jakab,SMER-SD
Veľké Teriakovce,Kamil Kučera,SMER-SD
Veľké Trakany,József Kopasz,SMK-MKP
Veľké Turovce,Jaroslav Péter,"SMER-SD, MOST - HÍD, SNS"
Veľké Uherce,Alena Chalupová,"SMER-SD, SNS"
Veľké Úľany,František Gőgh,"MOST - HÍD, OBYČAJNÍ ĽUDIA a nezávislé osobnosti (OĽANO), SaS, SMK-MKP"
Veľké Vozokany,Justína Pálková,NEKA
Veľké Zálužie,Milan Bíro,SMER-SD
Veľké Zlievce,Ivan Krahulec,"SMER-SD, SNS, MOST - HÍD"
Veľkrop,Marián Prokopič,"SMER-SD, SNS"
Veľký Biel,Anton Danter,NEKA
Veľký Blh,Norbert Kluka,KDH
Veľký Cetín,František Mészáros,NEKA
Veľký Čepčín,Jana Boďová,"SMER-SD, SNS"
Veľký Ďur,Peter Benko,"SMER-SD, SNS"
Veľký Folkmar,Milan Grega,NEKA
Veľký Grob,Viliam Rigo,NEKA
Veľký Horeš,Zoltán Pál,"MOST - HÍD, SMER-SD"
Veľký Kamenec,Attila Nagy,NEKA
Veľký Klíž,Anton Stanko,"KDH, OBYČAJNÍ ĽUDIA a nezávislé osobnosti (OĽANO), SaS"
Veľký Krtíš,Dalibor Surkoš,"SMER-SD, SNS, MOST - HÍD"
Veľký Kýr,Judita Valašková,NEKA
Veľký Lapáš,Katarína Babalová,NEKA
Veľký Lipník,Peter Labant,NEKA
Veľký Meder,Gergő Holényi,NEKA
Veľký Slavkov,Slavomír Pucci,NEKA
Veľký Slivník,Jana Sabolová,SNS
Veľký Šariš,Viliam Kall,NEKA
Veľopolie,Valéria Klapáčová,NEKA
Velušovce,Rastislav Zemánik,NEKA
Vernár,Vladimír Ondruš,SMER-SD
Veselé,Viera Šipková,NEKA
Veterná Poruba,Desana Stromková,NEKA
Vidiná,Ján Šupica,NEKA
Vieska,Anna Makovníková,"SMER-SD, SNS, MOST - HÍD"
Vieska,Robert Mocsonoky,MOST - HÍD
Vieska nad Blhom,Július Bodon,MOST - HÍD
Vieska nad Žitavou,Štefan Mladý,SMER-SD
Vígľaš,Róbert Záchenský,"SMER-SD, SNS"
Vígľašská Huta-Kalinka,Jozef Tuček,"SMER-SD, SNS"
Vikartovce,Vladimír Šavel,SMER-SD
Vinica,Kristián Baksa,NEKA
Viničky,Michal Takáč,SMER-SD
Viničné,Pavel Galamboš,NEKA
Vinné,Marián Makeľ,NEKA
Vinodol,Peter Straňák,"SMER-SD, MOST - HÍD"
Vinohrady nad Váhom,Eva Hanusová,NEKA
Vinosady,Ivana Juráčková,NEKA
Virt,Ladislav Lengyel,MOST - HÍD
Vislanka,Michal Struk,NEKA
Vislava,Milan Haňak,"SMER-SD, SNS, MOST - HÍD"
Visolaje,Vincenc Hrenák,NEKA
Višňov,Marta Pejová,SMER-SD
Višňové,Pavol Hluchý,NEKA
Višňové,Marcela Halaganová,NEKA
Višňové,Zoltán Borsodi,MOST - HÍD
Vištuk,Mária Vráblová,NEKA
Vitanová,Dušan Ondrík,NEKA
Víťaz,Ján Baloga,KDH
Víťazovce,Veronika Pošiková,SNS
Vítkovce,Peter Dirda,NAJ
Vlača,Michal Kľučár,SMER-SD
Vladiča,Ján Čurpek,"SMER-SD, SNS"
Vlachovo,Peter Pakes,SNS
Vlachy,Róbert Klubica,SNS
Vlčany,János Restár,SMK-MKP
Vlčkovce,Ivan Dobrovodský,NEKA
Vlkanová,Antonín Melichar,"SaS, OBYČAJNÍ ĽUDIA a nezávislé osobnosti (OĽANO)"
Vlkas,Martina Horváthová,NEKA
Vlková,Peter Bendík,"SNS, SMER-SD"
Vlkovce,Ján Kalata,NEKA
Vlky,Baltazár Fejes,SMK-MKP
Vlkyňa,Gejza Ujj,NEKA
Voderady,Anita Gajarská,NEKA
Vojany,Štefan Czinke,MOST - HÍD
Vojčice,Vlastimil Kiral-Varga,"SMER-SD, MOST - HÍD"
Vojka,Zsolt Kulcsár,SMK-MKP
Vojka nad Dunajom,Donald Álló,NEKA
Vojkovce,Rastislav Kolej,NEKA
Vojňany,Marián Gaborčík,NEKA
Vojnatina,Silvia Ihnatová,SMER-SD
Vojtovce,Helena Kasardová,"SMER-SD, SNS"
Voľa,Štefan Gajdoš,SMER-SD
Volica,Monika Rohaľová,SMER-SD
Volkovce,Ondrej Kozolka,NEKA
Voznica,Kamil Blaho,SMER-SD
Vozokany,Jaroslav Bazala,SMER-SD
Vozokany,Tamás Zupko,SMK-MKP
Vráble,Tibor Tóth,ŠANCA
Vrádište,Milan Kováč,NEKA
Vrakúň,Štefan Fazekas,"SMK-MKP, MOST - HÍD, SMER-SD"
Vranov nad Topľou,Ján Ragan,NEKA
Vrbnica,Jaroslav Tokár,NEKA
Vrbov,Tatiana Faltinová,KDH
Vrbová nad Váhom,Peter Ilčík,NEKA
Vrbovce,Dušan Eliáš,SZS
Vrbové,Ema Maggiová,NEKA
Vrbovka,Marcel Fagyas,MKDA-MKDSZ
Vrchteplá,Ladislav Kolek,SMER-SD
Vrícko,František Hideg,NEKA
Vršatské Podhradie,Peter Remiš,SMER-SD
Vrútky,Branislav Zacharides,NEKA
Vtáčkovce,Gabriela Gáborová,Progresívne Slovensko
Výborná,Viera Strelová,KDH
Výčapy-Opatovce,Jozef Holúbek,NEKA
Vydrany,Ladislav Balódi,"MOST - HÍD, SMK-MKP"
Vydrná,Milan Gášek,"SMER-SD, SNS"
Vydrník,Jozef Bizoň,KDH
Vyhne,Ervín Családi,"SaS, OBYČAJNÍ ĽUDIA a nezávislé osobnosti (OĽANO)"
Východná,Pavel Krupa,NEKA
Výrava,Monika Kurťaková,NEKA
Vysočany,Ivan Sečanský,SMER-SD
Vysoká,Valéria Kuková,KDH
Vysoká,Lucia Hurajtová,SKS
Vysoká nad Kysucou,Anton Varecha,"SMER-SD, SNS"
Vysoká nad Uhom,Ján Hrešan,NEKA
Vysoká pri Morave,Dušan Dvoran,SMER-SD
Vysoké Tatry,Ján Mokoš,NEKA
Vyškovce,Dušan Antoš,KDH
Vyškovce nad Ipľom,Ágnes Antal Nyustin,NEKA
Vyšná Boca,Ľubica Trégerová,SMER-SD
Vyšná Hutka,Agáta Nosáľová,NEKA
Vyšná Jablonka,Zuzana Nestorová,NEKA
Vyšná Jedľová,Miroslav Čepan,NEKA
Vyšná Kamenica,Ján Mikloš,SMER-SD
Vyšná Myšľa,Marek Habina,KDH
Vyšná Olšava,Juraj Kasarda,"SMER-SD, SNS"
Vyšná Pisaná,Vasil Pitlivka,SMER-SD
Vyšná Polianka,Ľuboš Špik,MOST - HÍD
Vyšná Rybnica,František Gejguš,SMER-SD
Vyšná Sitnica,Viktor Kušnír,NEKA
Vyšná Slaná,Dušan Gallo,SMER-SD
Vyšná Šebastová,Marián Beluško,NEKA
Vyšná Voľa,Ján Evin,NEKA
Vyšné Ladičkovce,Martina Bobaľová,SMER-SD
Vyšné nad Hronom,Eva Madarásová,"SMER-SD, MOST - HÍD, SMK-MKP"
Vyšné Nemecké,Peter Zuza,NEKA
Vyšné Remety,Martin Dolinič,SMER-SD
Vyšné Repaše,Jozef Gura,KDH
Vyšné Ružbachy,Peter Martinek,KDH
Vyšné Valice,Ján Záhorský,MOST - HÍD
Vyšný Čaj,Vincent Borovský,SMER-SD
Vyšný Hrabovec,Monika Sipľaková,"SMER-SD, SNS"
Vyšný Hrušov,Milan Naster,SMER-SD
Vyšný Kazimír,Michal Duda,"SMER-SD, SNS"
Vyšný Klátov,Ondrej Jusko,SNS
Vyšný Komárnik,Daniela Štefancová,"SMER-SD, SNS"
Vyšný Kručov,Emília Novotná,"SMER-SD, SNS"
Vyšný Kubín,Antonín Zámečník,NEKA
Vyšný Medzev,Róbert Nálepka,NEKA
Vyšný Mirošov,Michal Petranik,SMER-SD
Vyšný Orlík,Ján Džupin,NEKA
Vyšný Skálnik,Ján Durmis,NEKA
Vyšný Slavkov,Gabriela Grobarčíková,NEKA
Vyšný Tvarožec,Jozef Balaščák,SMER-SD
Vyšný Žipov,Miroslav Ondič,SOĽ
Zábiedovo,Ján Banovčan,NEKA
Záborie,Ján Záborský,NEKA
Záborské,Kristína Maliňáková,KDH
Zádiel,Július Nehoda,MOST - HÍD
Zádor,Ildikó Kovács,NEKA
Záhor,Marián Hric,NEKA
Záhorce,Branislav Kázmer,NEKA
Záhorská Ves,Boris Šimkovič,NEKA
Záhradné,Róbert Tkáč,"SMER-SD, SNS, MOST - HÍD"
Zacharovce,Ružena Gembická,SMER-SD
Zákamenné,Peter Klimčík,NEKA
Zákopčie,Ján Slaninák,NEKA
Zalaba,Melinda Bögi Pathó,SMK-MKP
Zálesie,Martin Klimek,NEKA
Zalužice,Gabriel Viňanský,"MOST - HÍD, SMER-SD"
Zamarovce,Peter Minárik,NEKA
Zámutov,Stanislav Duda,NEKA
Záriečie,Jozef Kollár,NEKA
Záskalie,František Koleno,SMER-SD
Zatín,Mikuláš Kukó,SMK-MKP
Závada,Miroslav Kalmár,"SMER-SD, SNS"
Závada,Ján Bajzík,KDH
Závada,Miluška Hlavatá,SMER-SD
Závadka,Vladimír Kišák,SMER-SD
Závadka,Renáta Bešáková,SMER-SD
Závadka,Jana Dziaková,ÚSVIT
Závadka nad Hronom,Ján Tešlár,SNS
Zavar,Lukáš Sochor,NEKA
Závažná Poruba,Pavel Beťko,NEKA
Závod,Peter Vrablec,KDH
Zázrivá,Matúš Mních,SMER-SD
Zbehňov,Ján Ferko,NEKA
Zbehy,Adam Žákovič,NEKA
Zboj,Ladislav Ladomirjak,SMER-SD
Zbojné,Anna Koščová,SMER-SD
Zborov,Ján Šurkala,NEKA
Zborov nad Bystricou,Juraj Hlavatý,"SMER-SD, SNS"
Zbrojníky,Emőke Fillová,NEKA
Zbudská Belá,Milan Matúška,SMER-SD
Zbudské Dlhé,František Kopej,SMER-SD
Zbudza,Matej Havrila,KDH
Zbyňov,Marián Miškovský,NEKA
Zeleneč,Ľubomír Jedlička,NEKA
Zemianska Olča,Dezső Magyarics,NEKA
Zemianske Kostoľany,Jana Školíková,NEKA
Zemianske Podhradie,Miroslav Zámečník,NEKA
Zemianske Sady,Roman Súkeník,SMER-SD
Zemiansky Vrbovok,Jana Horečná Budinská,SNS
Zemné,János Bób,SMK-MKP
Zemplín,Mikuláš Takács,SMK-MKP
Zemplínska Nová Ves,Kamil Bodnár,NEKA
Zemplínska Široká,Vladimír Mati,SMER-SD
Zemplínska Teplica,Jozefína Uhaľová,NEKA
Zemplínske Hámre,Ján Kepič,NEKA
Zemplínske Hradište,Ján Oláh,"SMER-SD, MOST - HÍD, SNS"
Zemplínske Jastrabie,Miroslav Maďar,KDH
Zemplínske Kopčany,Ladislav Kohut,MOST - HÍD
Zemplínsky Branč,Jozef Tóth,"SMER-SD, MOST - HÍD, SNS"
Zlatá Baňa,Maroš Železník,NEKA
Zlatá Idka,Roman Beličák,NEKA
Zlaté,Adriana Popjaková,SNS
Zlaté Klasy,Marek Rigó,RIS
Zlaté Moravce,Dušan Husár,"SMER-SD, SNS"
Zlatná na Ostrove,Eva Varjúová,MOST - HÍD
Zlatník,Juraj Balog,SMER-SD
Zlatníky,Erik Števula,NEKA
Zlatno,Martin Zeman,NEKA
Zlatno,Margaréta Murínová,NEKA
Zliechov,Anton Miko,"SMER-SD, SNS"
Zohor,Martin Zálesňák,NEKA
Zombor,Marián Galo,MOST - HÍD
Zubák,Pavol Gelo,SMER-SD
Zuberec,Vladimír Šiška,KDH
Zubné,Michaela Vasilenková,NEKA
Zubrohlava,Pavol Bugeľ,NEKA
Zvolen,Lenka Balkovičová,NEKA
Zvolenská Slatina,Mária Klimentová,NEKA
Zvončín,Katarína Dudášová,NEKA
Žabokreky,Zuzana Valocká,DOMA DOBRE
Žabokreky nad Nitrou,Cyril Cabadaj,NEKA
Žakarovce,Štefan Tulipán,NEKA
Žakovce,Katarína Krullová,NEKA
Žalobín,Valéria Račková,SMER-SD
Žarnov,Ján Kulcsár,SMK-MKP
Žarnovica,Kamil Danko,"SMER-SD, SNS, MOST - HÍD"
Žaškov,Milan Pavlovčík,NEKA
Žbince,Ján Jurko,SMER-SD
Ždaňa,Ján Kokarda,NEKA
Ždiar,Pavel Bekeš,NEKA
Žehňa,Atila Géňa,SRK
Žehra,Marián Kandráč,SRK
Železná Breznica,Ján Dúbravský,SMER-SD
Železník,Andrej Mitaľ,"SNS, MOST - HÍD"
Želiezovce,Ondrej Juhász,NEKA
Želmanovce,Anna Stašková,SNS
Želovce,Štefan Rimaj,SPOLU
Žemberovce,Slavomír Bárczy,NEKA
Žemliare,Andrea Gubíková,SMK-MKP
Žiar,Ján Zvara,NEKA
Žiar,Zoltán Csizmadia,NEKA
Žiar nad Hronom,Peter Antal,"MOST - HÍD, SMER-SD, SNS"
Žibritov,Dušan Laco,NEKA
Žihárec,Alajos Baranyay,SMK-MKP
Žikava,Jozef Broniš,NEKA
Žilina,Peter Fiabáne,NEKA
Žíp,Béla Simon,SMK-MKP
Žipov,Jozef Štofanko,"SMER-SD, SNS"
Žirany,Jozef Zsebi,"MOST - HÍD, SMER-SD, SNS"
Žitavany,Edita Grzybová,SMER-SD
Žitavce,Stanislav Strieška,SMER-SD
Žitná-Radiša,Rudolf Botka,SMER-SD
Žlkovce,Jozef Daniška,NEKA
Župčany,František Novotný,"SMER-SD, MOST - HÍD, SNS"
Župkov,Ján Tomáš,NEKA